address	constant	stack_cleanup	indexed_bytes	status	reason	entry_references	interior_references
004236d0	00000003	16	8	eligible	verified_structure	1	0
00516fd0	00000024	0	6	eligible	verified_structure	18	0
005170a0	00000038	0	6	eligible	verified_structure	3	0
005172a0	0000002a	0	6	eligible	verified_structure	1	0
005172d0	0000003a	0	6	eligible	verified_structure	1	0
005230c0	0000003e	0	6	eligible	verified_structure	1	0
0052adb0	00cb4724	0	6	eligible	verified_structure	1	0
0052ae20	00cad118	0	6	eligible	verified_structure	1	0
0052ae90	00cb21d0	0	6	eligible	verified_structure	2	0
0052afe0	00cb4844	0	6	eligible	verified_structure	4	0
0052b090	00cb4890	0	6	eligible	verified_structure	4	0
0052b100	00cb48f8	0	6	eligible	verified_structure	1	0
0052b170	00cb495c	0	6	eligible	verified_structure	1	0
0052b1e0	00cb49c0	0	6	eligible	verified_structure	1	0
0052b250	00cb4a0c	0	6	eligible	verified_structure	1	0
0052b2c0	00cb4a54	0	6	eligible	verified_structure	2	0
0052b570	00cb4d2c	0	6	eligible	verified_structure	2	0
0052b5e0	00cb4d98	0	6	eligible	verified_structure	2	0
0052b650	00cb4dfc	0	6	eligible	verified_structure	2	0
0052b6c0	00cb4e60	0	6	eligible	verified_structure	2	0
0052b730	00cb4ec8	0	6	eligible	verified_structure	2	0
0052b7a0	00cb4f50	0	6	eligible	verified_structure	1	0
0052b810	00cb4fd0	0	6	eligible	verified_structure	2	0
0052b880	00cb5034	0	6	eligible	verified_structure	2	0
0052b8f0	00cb50a4	0	6	eligible	verified_structure	2	0
0052b960	00cb5114	0	6	eligible	verified_structure	1	0
0052b9d0	00cb517c	0	6	eligible	verified_structure	1	0
0052ba40	00cb5228	0	6	eligible	verified_structure	1	0
0052bab0	00cb52d4	0	6	eligible	verified_structure	1	0
0052bb20	00cb5340	0	6	eligible	verified_structure	1	0
0052bb90	00cb53f0	0	6	eligible	verified_structure	1	0
0052bc00	00cb54d8	0	6	eligible	verified_structure	1	0
0052bc70	00cb55c8	0	6	eligible	verified_structure	1	0
0052bce0	00cb5670	0	6	eligible	verified_structure	2	0
0052bd50	00cb56d8	0	6	eligible	verified_structure	2	0
0052bdc0	00cb573c	0	6	eligible	verified_structure	2	0
0052be90	00cb5804	0	6	eligible	verified_structure	1	0
0052bf00	00cb5860	0	6	eligible	verified_structure	1	0
0052bf80	00b42840	0	6	eligible	verified_structure	1	0
0052bf90	00cb3a2c	0	6	eligible	verified_structure	69	0
0052bfa0	00cb58a0	0	6	eligible	verified_structure	1	0
0052c9f0	00cb5ca0	0	6	eligible	verified_structure	2	0
0052ca00	00cb4ab0	0	6	eligible	verified_structure	2	0
0052ca10	00cb4b14	0	6	eligible	verified_structure	2	0
0052ca20	00cb58f8	0	6	eligible	verified_structure	2	0
0052ca30	00cb4b7c	0	6	eligible	verified_structure	2	0
0052ca40	00cb5920	0	6	eligible	verified_structure	2	0
0052ca50	00cb62b8	0	6	eligible	verified_structure	2	0
0052ca60	00cb4bf0	0	6	eligible	verified_structure	2	0
0052ca70	00cb594c	0	6	eligible	verified_structure	2	0
0052ca80	00cb4c64	0	6	eligible	verified_structure	2	0
0052ca90	00cb645c	0	6	eligible	verified_structure	2	0
0052caa0	00cb4cc8	0	6	eligible	verified_structure	2	0
0052cab0	00ca7434	0	6	eligible	verified_structure	2	0
0052cac0	00cb8c28	0	6	eligible	verified_structure	2	0
0052cad0	00cb597c	0	6	eligible	verified_structure	2	0
0052cae0	00cad164	0	6	eligible	verified_structure	2	0
0052caf0	00cb59a8	0	6	eligible	verified_structure	2	0
0052cb00	00cb59d0	0	6	eligible	verified_structure	2	0
0052cb10	00cb57a0	0	6	eligible	verified_structure	2	0
0052cb20	00cb687c	0	6	eligible	verified_structure	2	0
0052cb30	00cad188	0	6	eligible	verified_structure	2	0
0052cb40	00cb59fc	0	6	eligible	verified_structure	2	0
0052cb50	00cb5a24	0	6	eligible	verified_structure	2	0
0052cb60	00cb8f10	0	6	eligible	verified_structure	1	0
0052cb70	00cb759c	0	6	eligible	verified_structure	1	0
0052cb80	00cb8f88	0	6	eligible	verified_structure	1	0
0052cb90	00cb767c	0	6	eligible	verified_structure	1	0
0052cba0	00cb9008	0	6	eligible	verified_structure	1	0
0052cbb0	00cb7764	0	6	eligible	verified_structure	1	0
0052cbc0	00cb907c	0	6	eligible	verified_structure	1	0
0052cbd0	00cb7840	0	6	eligible	verified_structure	1	0
0052cbe0	00cb90ec	0	6	eligible	verified_structure	1	0
0052cbf0	00cb7918	0	6	eligible	verified_structure	1	0
0052cc00	00cb9168	0	6	eligible	verified_structure	1	0
0052cc10	00cb7a04	0	6	eligible	verified_structure	1	0
0052cc20	00cb91e8	0	6	eligible	verified_structure	1	0
0052cc30	00cb7aec	0	6	eligible	verified_structure	1	0
0052cc40	00cb9264	0	6	eligible	verified_structure	1	0
0052cc50	00cb7bc8	0	6	eligible	verified_structure	1	0
0052cc60	00cb92dc	0	6	eligible	verified_structure	1	0
0052cc70	00cb7ca8	0	6	eligible	verified_structure	1	0
0052cc80	00cb9354	0	6	eligible	verified_structure	1	0
0052cc90	00cb7d80	0	6	eligible	verified_structure	1	0
0052cca0	00cb93c8	0	6	eligible	verified_structure	1	0
0052ccb0	00cb7e54	0	6	eligible	verified_structure	1	0
0052ccc0	00cb9440	0	6	eligible	verified_structure	1	0
0052ccd0	00cb7f34	0	6	eligible	verified_structure	1	0
0052cce0	00cb94c0	0	6	eligible	verified_structure	1	0
0052ccf0	00cb801c	0	6	eligible	verified_structure	1	0
0052cd00	00cb9538	0	6	eligible	verified_structure	1	0
0052cd10	00cb80fc	0	6	eligible	verified_structure	1	0
0052cd20	00cb95b0	0	6	eligible	verified_structure	1	0
0052cd30	00cb81dc	0	6	eligible	verified_structure	1	0
0052cd40	00cb9638	0	6	eligible	verified_structure	1	0
0052cd50	00cb82d4	0	6	eligible	verified_structure	1	0
0052cd60	00cb96c8	0	6	eligible	verified_structure	1	0
0052cd70	00cb83d4	0	6	eligible	verified_structure	1	0
0052cd80	00cb974c	0	6	eligible	verified_structure	1	0
0052cd90	00cb84b8	0	6	eligible	verified_structure	1	0
0052cda0	00cb97c4	0	6	eligible	verified_structure	1	0
0052cdb0	00cb8598	0	6	eligible	verified_structure	1	0
0052cdc0	00cb9840	0	6	eligible	verified_structure	1	0
0052cdd0	00cb8684	0	6	eligible	verified_structure	1	0
0052cde0	00cb98c0	0	6	eligible	verified_structure	1	0
0052cdf0	00cb876c	0	6	eligible	verified_structure	1	0
0052ce00	00cb9938	0	6	eligible	verified_structure	1	0
0052ce10	00cb8844	0	6	eligible	verified_structure	1	0
0052d0a0	00cb422c	0	6	eligible	verified_structure	1	0
0052d0e0	00cad0f0	0	6	eligible	verified_structure	1	0
0052d120	00ca7414	0	6	eligible	verified_structure	2	0
0052d180	00cb5d74	0	6	eligible	verified_structure	1	0
0052d1c0	00cb5e48	0	6	eligible	verified_structure	1	0
0052d200	00cb5f20	0	6	eligible	verified_structure	1	0
0052d270	00cb8944	0	6	eligible	verified_structure	2	0
0052d2b0	00cad140	0	6	eligible	verified_structure	2	0
0052d4d0	00cb6788	0	6	eligible	verified_structure	1	0
0052d5a0	00cb6b98	0	6	eligible	verified_structure	1	0
0052d5e0	00cb6c78	0	6	eligible	verified_structure	1	0
0052d620	00cb6dd8	0	6	eligible	verified_structure	1	0
0052d660	00cb6efc	0	6	eligible	verified_structure	1	0
0052d6a0	00cb6fe4	0	6	eligible	verified_structure	1	0
0052d6e0	00cb7140	0	6	eligible	verified_structure	1	0
0052d720	00cb72d8	0	6	eligible	verified_structure	1	0
0052d760	00cb7480	0	6	eligible	verified_structure	1	0
0052d800	00cb5bc4	0	6	eligible	verified_structure	2	0
0052d870	00cb6abc	0	6	eligible	verified_structure	1	0
0052d8b0	00cb5af8	0	6	eligible	verified_structure	1	0
0052dc80	00cb47e4	0	6	eligible	verified_structure	4	0
0052dc90	00cbb0d4	0	6	eligible	verified_structure	1	0
0052dd00	00cb4814	0	6	eligible	verified_structure	4	0
0052dd10	00cbb12c	0	6	eligible	verified_structure	1	0
0052dde0	00cbb180	0	6	eligible	verified_structure	1	0
0052de80	00cbb214	0	6	eligible	verified_structure	1	0
0052f180	00cbb048	0	6	eligible	verified_structure	3	0
0052f190	00cbb420	0	6	eligible	verified_structure	1	0
0052f260	00cbb590	0	6	eligible	verified_structure	1	0
0053e4f0	00cbf9bc	0	6	eligible	verified_structure	4	0
0053e560	00cbfa08	0	6	eligible	verified_structure	1	0
0053e5d0	00cbfa6c	0	6	eligible	verified_structure	1	0
0053e640	00cbfacc	0	6	eligible	verified_structure	1	0
0053e6b0	00cbfb30	0	6	eligible	verified_structure	1	0
0053e720	00cbfba8	0	6	eligible	verified_structure	1	0
0053e790	00cbfc14	0	6	eligible	verified_structure	1	0
0053e800	00cbfc6c	0	6	eligible	verified_structure	1	0
0053e870	00cbfcf4	0	6	eligible	verified_structure	1	0
0053e8b0	00cbfd58	0	6	eligible	verified_structure	1	0
0053e8f0	00cbfdb8	0	6	eligible	verified_structure	1	0
0053e930	00cbfe18	0	6	eligible	verified_structure	1	0
0053e970	00cbfe8c	0	6	eligible	verified_structure	1	0
0053e9b0	00cbfef4	0	6	eligible	verified_structure	1	0
0053e9f0	00ca6800	0	6	eligible	verified_structure	1	0
0053eaa0	00cbffcc	0	6	eligible	verified_structure	1	0
0053ed90	00cc00e0	0	6	eligible	verified_structure	1	0
0053ee80	00cc019c	0	6	eligible	verified_structure	1	0
00554080	00d731ac	0	6	eligible	verified_structure	1	0
005567d0	0000007c	0	6	eligible	verified_structure	2	0
005576e0	00000050	0	6	eligible	verified_structure	2	0
00559510	0000005c	0	6	eligible	verified_structure	2	0
00559950	00000058	0	6	eligible	verified_structure	2	0
0055b750	00000040	0	6	eligible	verified_structure	2	0
0055d750	00000060	0	6	eligible	verified_structure	2	0
00560a90	00000054	0	6	eligible	verified_structure	6	0
00560cf0	0000006c	0	6	eligible	verified_structure	2	0
00560f30	000000ac	0	6	eligible	verified_structure	2	0
005636f0	00000068	0	6	eligible	verified_structure	2	0
005651b0	0000002c	0	6	eligible	verified_structure	2	0
005660f0	00000044	0	6	eligible	verified_structure	4	0
00566570	0000008c	0	6	eligible	verified_structure	2	0
00568230	0000004c	0	6	eligible	verified_structure	4	0
005697f0	000000f4	0	6	eligible	verified_structure	2	0
0056fb40	00000074	0	6	eligible	verified_structure	2	0
005922a0	00cc4db4	0	6	eligible	verified_structure	1	0
00592310	00cc4e18	0	6	eligible	verified_structure	1	0
00592380	00cc4e84	0	6	eligible	verified_structure	1	0
005923f0	00cc4ef4	0	6	eligible	verified_structure	1	0
00592460	00cc4f64	0	6	eligible	verified_structure	1	0
005924d0	00cc4fcc	0	6	eligible	verified_structure	1	0
00592540	00cc5038	0	6	eligible	verified_structure	1	0
005925b0	00cc50b0	0	6	eligible	verified_structure	1	0
00592620	00cc513c	0	6	eligible	verified_structure	1	0
00592690	00cc51bc	0	6	eligible	verified_structure	1	0
005927a0	00cc5254	0	6	eligible	verified_structure	1	0
00592920	00cc5644	0	6	eligible	verified_structure	1	0
00592960	00cc56a8	0	6	eligible	verified_structure	1	0
005929a0	00cc5710	0	6	eligible	verified_structure	1	0
005929e0	00cb282c	0	6	eligible	verified_structure	1	0
00592a20	00cc57c0	0	6	eligible	verified_structure	1	0
00592a60	00cb2808	0	6	eligible	verified_structure	1	0
00592aa0	00cc586c	0	6	eligible	verified_structure	1	0
00592ae0	00cc58e4	0	6	eligible	verified_structure	1	0
00592b20	00cc5968	0	6	eligible	verified_structure	1	0
00592b60	00cc55dc	0	6	eligible	verified_structure	1	0
00592ba0	00cc54f4	0	6	eligible	verified_structure	1	0
00592c80	00cc4cd0	0	6	eligible	verified_structure	4	0
00592c90	00cc5b78	0	6	eligible	verified_structure	1	0
00592d30	00cc520c	0	6	eligible	verified_structure	4	0
00592d40	00cc5c04	0	6	eligible	verified_structure	1	0
005ac3f0	0000003c	0	6	eligible	verified_structure	5	0
005ac4c0	00000027	0	6	eligible	verified_structure	1	0
005ac950	00000036	0	6	eligible	verified_structure	3	0
005acf50	0000002b	0	6	eligible	verified_structure	1	0
005ad5f0	0000001f	0	6	eligible	verified_structure	1	0
005adb10	0000002f	0	6	eligible	verified_structure	1	0
005adba0	00000030	0	6	eligible	verified_structure	10	0
005ae080	0000003b	0	6	eligible	verified_structure	1	0
005ae190	0000003d	0	6	eligible	verified_structure	1	0
005ae790	00000026	0	6	eligible	verified_structure	1	0
005d2e80	00ccadf8	0	6	eligible	verified_structure	1	0
0069b8e0	00cd9244	0	6	eligible	verified_structure	1	0
0069b950	00cd92b8	0	6	eligible	verified_structure	1	0
0069b9c0	00cd9324	0	6	eligible	verified_structure	1	0
0069ba60	00cd93a4	0	6	eligible	verified_structure	1	0
0069baa0	00ca7454	0	6	eligible	verified_structure	1	0
0069bae0	00cad3e0	0	6	eligible	verified_structure	1	0
006a9be0	00cdb538	0	6	eligible	verified_structure	1	0
006a9c50	00cdb5e0	0	6	eligible	verified_structure	1	0
006a9cc0	00cdb674	0	6	eligible	verified_structure	1	0
006a9d30	00cdb6fc	0	6	eligible	verified_structure	1	0
006a9da0	00cdb774	0	6	eligible	verified_structure	1	0
006aa050	00cdbb08	0	6	eligible	verified_structure	1	0
006aa3d0	00cdb7f4	0	6	eligible	verified_structure	2	0
006aa3e0	00cdb880	0	6	eligible	verified_structure	2	0
006aa3f0	00cdb904	0	6	eligible	verified_structure	2	0
006aa400	00cdb988	0	6	eligible	verified_structure	2	0
006aa410	00cdbb90	0	6	eligible	verified_structure	2	0
006aa420	00cdb078	0	6	eligible	verified_structure	2	0
006aa430	00cdba8c	0	6	eligible	verified_structure	2	0
006aa440	00cdb0b0	0	6	eligible	verified_structure	2	0
006aa450	00cdc864	0	6	eligible	verified_structure	1	0
006aa460	00ccc940	0	6	eligible	verified_structure	1	0
006aa470	00cdbc10	0	6	eligible	verified_structure	2	0
006aa480	00cdb170	0	6	eligible	verified_structure	2	0
006aa490	00cdba10	0	6	eligible	verified_structure	2	0
006aa4a0	00cdb230	0	6	eligible	verified_structure	2	0
006aa4b0	00cdc9a0	0	6	eligible	verified_structure	1	0
006aa4f0	00cdca40	0	6	eligible	verified_structure	1	0
006aa530	00cdafa8	0	6	eligible	verified_structure	1	0
006aa570	00cdafe0	0	6	eligible	verified_structure	1	0
006aa5b0	00cc756c	0	6	eligible	verified_structure	1	0
006aa5f0	00cc759c	0	6	eligible	verified_structure	2	0
006aa630	00cdc66c	0	6	eligible	verified_structure	2	0
006aa670	00ccc910	0	6	eligible	verified_structure	2	0
006aa6b0	00cdacb4	0	6	eligible	verified_structure	2	0
006aa750	00cc7538	0	6	eligible	verified_structure	1	0
006b5cb0	00ce150c	0	6	eligible	verified_structure	4	0
006b5e40	00ce166c	0	6	eligible	verified_structure	2	0
006b5eb0	00ce16f4	0	6	eligible	verified_structure	2	0
006b5f20	00ce1770	0	6	eligible	verified_structure	2	0
006b5f90	00ce17f0	0	6	eligible	verified_structure	2	0
006b6000	00ce1874	0	6	eligible	verified_structure	2	0
006b6160	00ccc6f0	0	6	eligible	verified_structure	2	0
006b6170	00cd76a0	0	6	eligible	verified_structure	2	0
006b6180	00cdac20	0	6	eligible	verified_structure	2	0
006b6190	00cdad30	0	6	eligible	verified_structure	2	0
006b61a0	00cdacf0	0	6	eligible	verified_structure	2	0
006b65b0	00ce24f0	0	6	eligible	verified_structure	1	0
006b6690	00ce25a4	0	6	eligible	verified_structure	1	0
006b6760	00ce264c	0	6	eligible	verified_structure	1	0
006b6b80	00ce279c	0	6	eligible	verified_structure	1	0
006becf0	00ce573c	0	6	eligible	verified_structure	2	0
006bed60	00ce57bc	0	6	eligible	verified_structure	2	0
006bedd0	00ce583c	0	6	eligible	verified_structure	2	0
006bee40	00ce58ac	0	6	eligible	verified_structure	2	0
006beeb0	00ce5928	0	6	eligible	verified_structure	2	0
006beff0	00cd8b80	0	6	eligible	verified_structure	2	0
006bf000	00ce55d0	0	6	eligible	verified_structure	2	0
006bf010	00ce5568	0	6	eligible	verified_structure	2	0
006bf020	00ce5690	0	6	eligible	verified_structure	2	0
006bf030	00ce5630	0	6	eligible	verified_structure	2	0
006c3270	00000493	0	6	eligible	verified_structure	1	0
006c5430	0000003f	0	6	eligible	verified_structure	3	0
006c72d0	000019fd	0	6	eligible	verified_structure	1	0
006d7460	00ce7b30	0	6	eligible	verified_structure	1	0
006d74d0	00ce7ba8	0	6	eligible	verified_structure	1	0
006d7540	00ce7c20	0	6	eligible	verified_structure	1	0
006d75b0	00ce7ca8	0	6	eligible	verified_structure	1	0
006d7620	00ce7d30	0	6	eligible	verified_structure	1	0
006d7690	00ce7db0	0	6	eligible	verified_structure	1	0
006d7840	00cad410	0	6	eligible	verified_structure	1	0
006d7880	00cc9f2c	0	6	eligible	verified_structure	1	0
006d78c0	00cd88c4	0	6	eligible	verified_structure	1	0
006d7900	00cd8bb0	0	6	eligible	verified_structure	1	0
006d7940	00cad990	0	6	eligible	verified_structure	1	0
006d7980	00cad674	0	6	eligible	verified_structure	1	0
006d7af0	00ce86d0	0	6	eligible	verified_structure	1	0
006dc770	00cea418	0	6	eligible	verified_structure	1	0
006dc840	00cea528	0	6	eligible	verified_structure	1	0
006dc8b0	00cea5a4	0	6	eligible	verified_structure	1	0
006dc920	00cea61c	0	6	eligible	verified_structure	1	0
006dc990	00cea688	0	6	eligible	verified_structure	1	0
006dca00	00cea700	0	6	eligible	verified_structure	1	0
006dca70	00cea774	0	6	eligible	verified_structure	1	0
006dcae0	00cea7e4	0	6	eligible	verified_structure	1	0
006dcb50	00cea858	0	6	eligible	verified_structure	1	0
006dcbc0	00cea8d0	0	6	eligible	verified_structure	1	0
006dcc30	00cea950	0	6	eligible	verified_structure	1	0
006dcca0	00cea9c4	0	6	eligible	verified_structure	1	0
006dcd10	00ceaa34	0	6	eligible	verified_structure	1	0
006dd250	00cea49c	0	6	eligible	verified_structure	2	0
006dd260	00cea394	0	6	eligible	verified_structure	2	0
006dd270	00ceabc4	0	6	eligible	verified_structure	2	0
006dd280	00ceaab0	0	6	eligible	verified_structure	2	0
006dd290	00ceab34	0	6	eligible	verified_structure	2	0
006dd2a0	00ceac44	0	6	eligible	verified_structure	2	0
006dd2c0	00ceacec	0	6	eligible	verified_structure	2	0
006dd300	00cc0388	0	6	eligible	verified_structure	1	0
006dd340	00ceacac	0	6	eligible	verified_structure	2	0
006dd380	00cead54	0	6	eligible	verified_structure	1	0
006dd3c0	00ceac78	0	6	eligible	verified_structure	1	0
006dd400	00cead28	0	6	eligible	verified_structure	1	0
006dd440	00ca747c	0	6	eligible	verified_structure	1	0
006dd480	00ceb768	0	6	eligible	verified_structure	1	0
006dd4c0	00ce9b20	0	6	eligible	verified_structure	1	0
006dd500	00ce9ca0	0	6	eligible	verified_structure	1	0
006dd540	00ce9ccc	0	6	eligible	verified_structure	1	0
006dd580	00cd5e08	0	6	eligible	verified_structure	1	0
006dd5c0	00ce9d30	0	6	eligible	verified_structure	1	0
006dd600	00ceb3c8	0	6	eligible	verified_structure	1	0
006dd640	00ceb4b4	0	6	eligible	verified_structure	1	0
006dd680	00cead84	0	6	eligible	verified_structure	2	0
006dd6c0	00ceba6c	0	6	eligible	verified_structure	2	0
006dd700	00ceb5b4	0	6	eligible	verified_structure	2	0
006dd740	00ceb864	0	6	eligible	verified_structure	2	0
006eab40	00400000	0	6	eligible	verified_structure	4	0
00727110	00cf4a14	0	6	eligible	verified_structure	1	0
00727180	00cf4a80	0	6	eligible	verified_structure	1	0
007271f0	00cf4b04	0	6	eligible	verified_structure	1	0
00727260	00cf4b78	0	6	eligible	verified_structure	1	0
007272d0	00cf4bec	0	6	eligible	verified_structure	1	0
007273d0	00cf4e34	0	6	eligible	verified_structure	1	0
00727410	00cf4e9c	0	6	eligible	verified_structure	1	0
00727450	00cf1f68	0	6	eligible	verified_structure	1	0
00727490	00cf0d88	0	6	eligible	verified_structure	1	0
007274d0	00cf4fa0	0	6	eligible	verified_structure	1	0
00727600	00cf495c	0	6	eligible	verified_structure	4	0
00727610	00cf50bc	0	6	eligible	verified_structure	1	0
0073b570	00cf6fd8	0	6	eligible	verified_structure	1	0
0073b5e0	00cf7050	0	6	eligible	verified_structure	1	0
0073b650	00cf70c4	0	6	eligible	verified_structure	1	0
0073b6c0	00cf713c	0	6	eligible	verified_structure	1	0
0073b870	00cf71b8	0	6	eligible	verified_structure	2	0
0073b890	00cf42f8	0	6	eligible	verified_structure	1	0
0073b8d0	00cf4264	0	6	eligible	verified_structure	1	0
0073b910	00cf4238	0	6	eligible	verified_structure	1	0
0073b950	00cf71e8	0	6	eligible	verified_structure	1	0
0073b990	00cf74bc	0	6	eligible	verified_structure	2	0
0074ae90	00cf8e00	0	6	eligible	verified_structure	1	0
0074afc0	00cf9500	0	6	eligible	verified_structure	1	0
0074afd0	00cc03b8	0	6	eligible	verified_structure	1	0
0074afe0	00cf9590	0	6	eligible	verified_structure	1	0
0074aff0	00cf261c	0	6	eligible	verified_structure	1	0
0074b040	00cf2538	0	6	eligible	verified_structure	1	0
00750600	00cf9e08	0	6	eligible	verified_structure	1	0
007506b0	00cf9c38	0	6	eligible	verified_structure	1	0
0076b3e0	00000001	12	8	eligible	verified_structure	1	0
00779c90	00cfafec	0	6	eligible	verified_structure	1	0
00779d00	00cfb020	0	6	eligible	verified_structure	2	0
00779d70	00cfb050	0	6	eligible	verified_structure	2	0
00779e30	00cfb080	0	6	eligible	verified_structure	2	0
00779ee0	00cfb0b0	0	6	eligible	verified_structure	2	0
00779f50	00cfb0e0	0	6	eligible	verified_structure	2	0
00779fc0	00cfb110	0	6	eligible	verified_structure	2	0
007811a9	007811af	0	6	rejected	unaligned_entry	1	0
007811db	007811e1	0	6	rejected	unaligned_entry	1	0
007816e0	00cfbc48	0	6	eligible	verified_structure	1	0
007816f0	00cfbc28	0	6	eligible	verified_structure	1	0
007817a0	00cfbc88	0	6	eligible	verified_structure	1	0
00781810	00cfbce4	0	6	eligible	verified_structure	1	0
00783180	00cfbda4	0	6	eligible	verified_structure	2	0
00783190	00cfbdc8	0	6	eligible	verified_structure	2	0
0079f350	0003ad69	0	6	eligible	verified_structure	1	0
007ae1b0	00df00e0	0	6	eligible	verified_structure	59	0
007b2270	00bb64b0	0	6	eligible	verified_structure	2	0
007b2280	00000031	0	6	eligible	verified_structure	3	0
007b2290	00bb6838	0	6	eligible	verified_structure	1	0
007b2420	00bb64a8	0	6	eligible	verified_structure	2	0
007b2430	00000033	0	6	eligible	verified_structure	3	0
007b33e0	00bb64b8	0	6	eligible	verified_structure	2	0
007b33f0	00000032	0	6	eligible	verified_structure	3	0
007b4820	00bb69dc	0	6	eligible	verified_structure	1	0
007b4830	00000039	0	6	eligible	verified_structure	2	0
007b4840	00bb6a14	0	6	eligible	verified_structure	1	0
007b4850	00bb6a4c	0	6	eligible	verified_structure	1	0
007b4860	00000037	0	6	eligible	verified_structure	2	0
007b4cf0	00bb6b14	0	6	eligible	verified_structure	1	0
007b4d00	00000035	0	6	eligible	verified_structure	2	0
007c66d0	00e22d24	0	6	eligible	verified_structure	18	0
007cb5eb	00cffef0	0	6	rejected	unaligned_entry	1	0
0081f410	000f4240	4	8	eligible	verified_structure	1	0
00829b32	80004001	0	6	rejected	unaligned_entry	1	0
00858ee4	80004005	0	6	rejected	unaligned_entry	6	0
00868ca0	00000070	0	6	eligible	verified_structure	4	0
00869f60	00bd279c	0	6	eligible	verified_structure	1	0
00869fe0	00bd27e4	0	6	eligible	verified_structure	1	0
0086e680	00000048	0	6	eligible	verified_structure	6	0
00874600	00000001	4	8	eligible	verified_structure	37	0
00875310	00df68fc	0	6	eligible	verified_structure	1	0
0087a120	00000814	0	6	eligible	verified_structure	2	0
0087ba60	00000478	0	6	eligible	verified_structure	2	0
00885170	00d0d71c	0	6	eligible	verified_structure	4	0
008851e0	00d0d744	0	6	eligible	verified_structure	4	0
00885250	00d0d778	0	6	eligible	verified_structure	4	0
00885330	00d0db64	0	6	eligible	verified_structure	1	0
008853a0	00d0dbc4	0	6	eligible	verified_structure	1	0
00885410	00d0dc24	0	6	eligible	verified_structure	1	0
00885480	00d0dc7c	0	6	eligible	verified_structure	1	0
00885550	00d0dd3c	0	6	eligible	verified_structure	1	0
00885670	00cbaff8	0	6	eligible	verified_structure	4	0
00885680	00ce85e0	0	6	eligible	verified_structure	4	0
00885690	00cbff48	0	6	eligible	verified_structure	4	0
008856a0	00cbff68	0	6	eligible	verified_structure	4	0
008856b0	00d0e124	0	6	eligible	verified_structure	4	0
008856c0	00ce15ec	0	6	eligible	verified_structure	4	0
008856d0	00ce157c	0	6	eligible	verified_structure	5	0
008856e0	00ce2430	0	6	eligible	verified_structure	5	0
00885800	00d0dcdc	0	6	eligible	verified_structure	2	0
00885810	00d0dda4	0	6	eligible	verified_structure	2	0
00885820	00d0e714	0	6	eligible	verified_structure	1	0
00885860	00d0e774	0	6	eligible	verified_structure	1	0
008858a0	00d0e3d0	0	6	eligible	verified_structure	1	0
008858e0	00d0e808	0	6	eligible	verified_structure	1	0
00885920	00d0e544	0	6	eligible	verified_structure	2	0
00885960	00d0e89c	0	6	eligible	verified_structure	1	0
008859a0	00d0e620	0	6	eligible	verified_structure	2	0
00885e70	00d0f190	0	6	eligible	verified_structure	1	0
00885f10	00d0f260	0	6	eligible	verified_structure	1	0
00886140	00d0f3d0	0	6	eligible	verified_structure	1	0
00886490	00d0de14	0	6	eligible	verified_structure	4	0
008864a0	00d0f6c0	0	6	eligible	verified_structure	1	0
0088ba10	00d1027c	0	6	eligible	verified_structure	1	0
0088c0f0	00d0e900	0	6	eligible	verified_structure	1	0
0088cdd0	00d0eb64	0	6	eligible	verified_structure	1	0
0088d560	00d0eba4	0	6	eligible	verified_structure	1	0
0088dd40	00d0ebe4	0	6	eligible	verified_structure	1	0
0088e4d0	00d0ec28	0	6	eligible	verified_structure	1	0
0088eca0	00d0ed78	0	6	eligible	verified_structure	1	0
008c0b70	000005c0	0	6	eligible	verified_structure	2	0
008d9bd0	00000009	4	8	eligible	verified_structure	1	0
0094a5f0	00d1b3e0	0	6	eligible	verified_structure	1	0
0094a660	00d1b444	0	6	eligible	verified_structure	1	0
0094a6d0	00d1b4bc	0	6	eligible	verified_structure	1	0
0094a740	00d1b538	0	6	eligible	verified_structure	1	0
0094a7b0	00d1b5b4	0	6	eligible	verified_structure	1	0
0094a820	00d1b62c	0	6	eligible	verified_structure	1	0
0094a890	00d1b68c	0	6	eligible	verified_structure	1	0
0094a900	00d1b6ec	0	6	eligible	verified_structure	1	0
0094a970	00d1b750	0	6	eligible	verified_structure	1	0
0094a9e0	00d1b7b8	0	6	eligible	verified_structure	1	0
0094aa50	00d1b82c	0	6	eligible	verified_structure	1	0
0094aac0	00d1b898	0	6	eligible	verified_structure	1	0
0094ab30	00d1b900	0	6	eligible	verified_structure	1	0
0094aba0	00d1b970	0	6	eligible	verified_structure	1	0
0094ac10	00d1b9ec	0	6	eligible	verified_structure	1	0
0094ac80	00d1ba58	0	6	eligible	verified_structure	1	0
0094acf0	00d1babc	0	6	eligible	verified_structure	1	0
0094b3a0	00d1e1c0	0	6	eligible	verified_structure	1	0
0094b3e0	00d1a870	0	6	eligible	verified_structure	1	0
0094b420	00d1a808	0	6	eligible	verified_structure	1	0
0094b460	00d1a7d8	0	6	eligible	verified_structure	1	0
0094b4a0	00d1a838	0	6	eligible	verified_structure	1	0
0094b4e0	00d1a7ac	0	6	eligible	verified_structure	1	0
0094b520	00d1a08c	0	6	eligible	verified_structure	1	0
0094b560	00d1a1a4	0	6	eligible	verified_structure	1	0
0094b5a0	00d1a17c	0	6	eligible	verified_structure	1	0
0094b5e0	00d1a1cc	0	6	eligible	verified_structure	1	0
0094b620	00d1cc24	0	6	eligible	verified_structure	1	0
0094b660	00d1a1f8	0	6	eligible	verified_structure	1	0
0094b6a0	00d1a220	0	6	eligible	verified_structure	1	0
0094b6e0	00d1d898	0	6	eligible	verified_structure	1	0
0094b720	00d1a128	0	6	eligible	verified_structure	1	0
0094b760	00d1a154	0	6	eligible	verified_structure	1	0
0094b7a0	00d1a0d4	0	6	eligible	verified_structure	1	0
00969890	08000000	0	6	eligible	verified_structure	1	0
009842d0	00000003	0	6	eligible	verified_structure	17	0
00984530	00000002	0	6	eligible	verified_structure	44	0
00996f70	00000029	0	6	eligible	verified_structure	3	0
009dc530	0000000a	0	6	eligible	verified_structure	6	0
009f20d0	0000000d	0	6	eligible	verified_structure	1	0
009f2300	0000000e	0	6	eligible	verified_structure	2	0
009f2890	00000020	0	6	eligible	verified_structure	10	0
009f2a10	0000001c	0	6	eligible	verified_structure	38	0
009f2b30	0000001a	0	6	eligible	verified_structure	2	0
009f2d00	00000022	0	6	eligible	verified_structure	0	0
009f2df0	00000023	0	6	eligible	verified_structure	1	0
009f37b0	00000025	0	6	eligible	verified_structure	2	0
009f3d70	00000017	0	6	eligible	verified_structure	2	0
009f53a0	00000005	0	6	eligible	verified_structure	12	0
009f5880	00000019	0	6	eligible	verified_structure	1	0
009f6cf0	0000001e	0	6	eligible	verified_structure	3	0
009f6de0	0000000f	0	6	eligible	verified_structure	9	0
009f70b0	00000015	0	6	eligible	verified_structure	4	0
009f7720	0000001b	0	6	eligible	verified_structure	2	0
009f7840	00000028	0	6	eligible	verified_structure	24	0
009f78f0	00000021	0	6	eligible	verified_structure	0	0
009f7f00	00000010	0	6	eligible	verified_structure	74	0
009f8330	00000011	0	6	eligible	verified_structure	2	0
009f83e0	00000012	0	6	eligible	verified_structure	2	0
009f8590	0000000b	0	6	eligible	verified_structure	4	0
009f87a0	0000000c	0	6	eligible	verified_structure	78	0
009f9090	00000013	0	6	eligible	verified_structure	2	0
009f9290	00000009	0	6	eligible	verified_structure	4	0
009f9390	00000008	0	6	eligible	verified_structure	27	0
009f9660	00000006	0	6	eligible	verified_structure	12	0
009f9830	00000001	0	6	eligible	verified_structure	115	0
009f9dc0	0000001d	0	6	eligible	verified_structure	2	0
009f9e30	00000004	0	6	eligible	verified_structure	27	0
009fa060	00000016	0	6	eligible	verified_structure	2	0
009fc8c0	00000007	0	6	eligible	verified_structure	8	0
00a37870	00e173e8	0	6	eligible	verified_structure	4	0
00a43ed0	00000001	32	8	eligible	verified_structure	2	0
00a43ef0	00000001	36	8	eligible	verified_structure	1	0
00a579a0	00d2b258	0	6	eligible	verified_structure	1	0
00a57a10	00d2b2c8	0	6	eligible	verified_structure	1	0
00a57a80	00d2b344	0	6	eligible	verified_structure	1	0
00a57af0	00d2b3c8	0	6	eligible	verified_structure	1	0
00a57b60	00d2b438	0	6	eligible	verified_structure	1	0
00a57bd0	00d2b4a8	0	6	eligible	verified_structure	1	0
00a57c40	00d2b524	0	6	eligible	verified_structure	1	0
00a57e00	00d2b660	0	6	eligible	verified_structure	1	0
00a57e40	00d2b88c	0	6	eligible	verified_structure	1	0
00a57e80	00d2b908	0	6	eligible	verified_structure	1	0
00a57ec0	00d2b988	0	6	eligible	verified_structure	1	0
00a57f00	00d2a9a0	0	6	eligible	verified_structure	1	0
00a57f40	00cadb34	0	6	eligible	verified_structure	1	0
00a57f80	00cadb04	0	6	eligible	verified_structure	1	0
00a57ff0	00d2b068	0	6	eligible	verified_structure	4	0
00a58000	00d2bc38	0	6	eligible	verified_structure	1	0
00a580a0	00d2afd8	0	6	eligible	verified_structure	4	0
00a580b0	00d2bd20	0	6	eligible	verified_structure	1	0
00a58150	00d2af54	0	6	eligible	verified_structure	4	0
00a58160	00d2bdec	0	6	eligible	verified_structure	1	0
00a5c7a0	00d2d864	0	6	eligible	verified_structure	4	0
00a5c810	00d2d8e8	0	6	eligible	verified_structure	1	0
00a5c880	00d2d964	0	6	eligible	verified_structure	1	0
00a5c8f0	00d2d9dc	0	6	eligible	verified_structure	1	0
00a5c9c0	00d2dafc	0	6	eligible	verified_structure	1	0
00a5ca00	00d2a610	0	6	eligible	verified_structure	1	0
00a5ca40	00d2aa58	0	6	eligible	verified_structure	1	0
00a5cb50	00d2dcac	0	6	eligible	verified_structure	1	0
00a7f170	00000800	0	6	eligible	verified_structure	2	0
00a7f1a0	00000200	0	6	eligible	verified_structure	1	0
00aa7096	8876086c	12	8	rejected	unaligned_entry	6	0
00aae2f5	80004005	40	8	rejected	unaligned_entry	1	0
00aae2fd	80004005	32	8	rejected	unaligned_entry	1	0
00aae305	80004005	24	8	rejected	unaligned_entry	1	0
00aae30d	80004005	4	8	rejected	unaligned_entry	6	0
00aae323	80004005	36	8	rejected	unaligned_entry	4	0
00aae32b	80004005	28	8	rejected	unaligned_entry	6	0
00aae333	80004005	20	8	rejected	unaligned_entry	6	0
00aae33b	80004005	16	8	rejected	unaligned_entry	15	0
00aae343	80004005	8	8	rejected	unaligned_entry	29	0
00aae34b	80004005	12	8	rejected	unaligned_entry	28	0
00abe4f0	00000004	4	8	eligible	verified_structure	1	0
00ac2ac0	00000034	0	6	eligible	verified_structure	11	0
00ac3950	00000018	0	6	eligible	verified_structure	58	0
00ac4490	00000014	0	6	eligible	verified_structure	57	0
