entry	status	body_bytes
0041b290	candidate_created	24
0042a0c0	candidate_created	1883
00495cd0	candidate_created	37
004cb380	candidate_created	56
004cec20	candidate_created	189
004d8050	candidate_created	213
004e63e0	candidate_created	875
004e6f90	candidate_created	976
004eb800	candidate_created	801
004f2c70	candidate_created	313
005056e0	candidate_created	3829
00508ed0	candidate_created	288
0050a990	candidate_created	3667
0050cba0	candidate_created	260
0050dba0	candidate_created	326
00511d70	candidate_created	648
0053ecb0	candidate_created	164
00571070	candidate_created	673
00574b90	candidate_created	5002
00575fa0	candidate_created	2393
00579d60	candidate_created	125
00579f30	candidate_created	309
0058aa60	candidate_created	1958
00591990	candidate_created	1052
005cfe20	candidate_created	210
005d02b0	candidate_created	1293
005d82b0	candidate_created	420
005d89f0	candidate_created	516
005d91d0	candidate_created	18
005d91f0	candidate_created	23
005d9210	candidate_created	23
005e4cb0	candidate_created	40
0066a140	candidate_created	324
0066ac40	candidate_created	989
0068eba0	candidate_created	128
006a92a0	candidate_created	25
006a92f0	candidate_created	25
006de240	candidate_created	22
006e4200	candidate_created	229
007004e0	candidate_created	74
00730c30	candidate_created	78
00764250	candidate_created	58
00779b80	candidate_created	150
0077f3a0	candidate_created	238
007f6c10	candidate_created	392
007f7200	candidate_created	53
007f8510	candidate_created	236
00819ec0	candidate_created	607
0081a120	candidate_created	581
0081a380	candidate_created	438
0081a5e0	candidate_created	797
0081a900	candidate_created	636
0081e740	candidate_created	379
0081f420	candidate_created	162
0081f5a0	candidate_created	677
0081f850	candidate_created	523
00820340	candidate_created	293
00820470	candidate_created	136
008208e0	candidate_created	254
00820e30	candidate_created	353
00820fa0	candidate_created	474
00821240	candidate_created	640
008214d0	candidate_created	72
00821520	candidate_created	230
00821610	candidate_created	388
008217e0	candidate_created	904
00821b90	candidate_created	1173
00822030	candidate_created	2046
00822b50	candidate_created	517
00822fb0	candidate_created	135
00823040	candidate_created	292
008234c0	candidate_created	646
00823750	candidate_created	401
00823b30	candidate_created	206
00823c10	candidate_created	293
00823d40	candidate_created	299
00823f10	candidate_created	173
00823fc0	candidate_created	371
00824d60	candidate_created	119
00857a90	candidate_created	598
00857cf0	candidate_created	840
008873f0	candidate_created	285
00890dd0	candidate_created	127
00890e50	candidate_created	298
00a581d0	candidate_created	75
00a58220	candidate_created	75
00b28430	candidate_created	34
00b287e0	candidate_created	37
00b2ff90	candidate_created	37
00b30a40	candidate_created	37
00b31870	candidate_created	37
00b36d60	candidate_created	37
00b37010	candidate_created	37
00b37050	candidate_created	37
00b37090	candidate_created	37
00b372a0	candidate_created	37
00b38e20	candidate_created	37
00b3aff0	candidate_created	37
00b3b1b0	candidate_created	37
00b41630	candidate_created	37
