address	field_offset	stack_cleanup	indexed_bytes	status	reason	entry_references	interior_references
00422d80	1384	0	7	eligible	verified_structure	1	0
00422d90	2484	0	7	eligible	verified_structure	4	0
004ca770	7516	0	7	eligible	verified_structure	1	0
004ca780	7520	0	7	eligible	verified_structure	1	0
004ca790	7524	0	7	eligible	verified_structure	1	0
004ca830	7592	0	7	eligible	verified_structure	1	0
004fee40	276	0	7	eligible	verified_structure	3	0
004fef60	416	0	7	eligible	verified_structure	5	0
005171c0	1144	0	7	eligible	verified_structure	1	0
005171d0	1288	0	7	eligible	verified_structure	1	0
005206a0	312	0	7	eligible	verified_structure	1	0
00520910	688	0	7	eligible	verified_structure	1	0
00520930	696	0	7	eligible	verified_structure	1	0
00520950	700	0	7	eligible	verified_structure	1	0
00520a50	1140	0	7	eligible	verified_structure	1	0
00520a80	440	0	7	eligible	verified_structure	4	0
00520b60	244	0	7	eligible	verified_structure	2	0
005501f0	296	0	7	eligible	verified_structure	3	0
00598eb0	252	0	7	eligible	verified_structure	3	0
0059b4f0	204	0	7	eligible	verified_structure	1	0
005c3050	1128	0	7	eligible	verified_structure	1	0
005f4be0	180	0	7	eligible	verified_structure	4	0
006656e0	660	0	7	eligible	verified_structure	1	0
006656f0	724	0	7	eligible	verified_structure	1	0
00665740	1136	0	7	eligible	verified_structure	1	0
00665750	1032	0	7	eligible	verified_structure	1	0
00665790	1104	0	7	eligible	verified_structure	1	0
00667190	428	0	7	eligible	verified_structure	4	0
006671b0	904	0	7	eligible	verified_structure	1	0
0067bb80	524	0	7	eligible	verified_structure	2	0
0067bb90	528	0	7	eligible	verified_structure	2	0
00684320	256	0	7	eligible	verified_structure	51	0
0068ce50	372	0	7	eligible	verified_structure	3	0
0068eda0	380	0	7	eligible	verified_structure	5	0
006964f0	500	0	7	eligible	verified_structure	3	0
00699cf0	160	0	7	eligible	verified_structure	8	0
00699d20	164	0	7	eligible	verified_structure	4	0
00699d30	172	0	7	eligible	verified_structure	6	0
00699d90	176	0	7	eligible	verified_structure	4	0
00699db0	208	0	7	eligible	verified_structure	4	0
00699dd0	240	0	7	eligible	verified_structure	3	0
00699e40	248	0	7	eligible	verified_structure	1	0
00699e60	316	0	7	eligible	verified_structure	2	0
00699e70	320	0	7	eligible	verified_structure	1	0
00699e90	356	0	7	eligible	verified_structure	1	0
0069a0b0	448	0	7	eligible	verified_structure	1	0
0069a100	472	0	7	eligible	verified_structure	4	0
006a6ad0	280	0	7	eligible	verified_structure	1	0
006a7f20	360	0	7	eligible	verified_structure	3	0
006a81b0	544	0	7	eligible	verified_structure	5	0
006a81c0	548	0	7	eligible	verified_structure	5	0
006a81d0	552	0	7	eligible	verified_structure	5	0
006a9260	284	0	7	eligible	verified_structure	5	0
006b6a80	1700	0	7	eligible	verified_structure	3	0
006bd060	884	0	7	eligible	verified_structure	1	0
006bd0a0	1000	0	7	eligible	verified_structure	4	0
006bd430	888	0	7	eligible	verified_structure	1	0
006d7180	476	0	7	eligible	verified_structure	1	0
006dc0a0	492	0	7	eligible	verified_structure	7	0
006ed430	468	0	7	eligible	verified_structure	1	0
006ed8c0	444	0	7	eligible	verified_structure	1	0
006f69b0	376	0	7	eligible	verified_structure	1	0
0071e2e0	388	0	7	eligible	verified_structure	3	0
0071e2f0	392	0	7	eligible	verified_structure	3	0
0071e300	384	0	7	eligible	verified_structure	3	0
007215b0	260	0	7	eligible	verified_structure	51	0
00729a00	1436	0	7	eligible	verified_structure	4	0
0074d2f0	268	0	7	eligible	verified_structure	3	0
0074dde0	540	0	7	eligible	verified_structure	1	0
00753230	184	0	7	eligible	verified_structure	3	0
00770030	292	0	7	eligible	verified_structure	2	0
00770750	332	0	7	eligible	verified_structure	1	0
007ae2e0	636	0	7	eligible	verified_structure	1	0
008a25a0	676	0	7	eligible	verified_structure	2	0
008a84c0	348	0	7	eligible	verified_structure	2	0
008a8520	484	0	7	eligible	verified_structure	1	0
00970720	128	0	7	eligible	verified_structure	6	0
009707f0	168	0	7	eligible	verified_structure	19	0
00970ab0	288	0	7	eligible	verified_structure	11	0
00970cc0	536	0	7	eligible	verified_structure	1	0
00970e60	592	0	7	eligible	verified_structure	1	0
0097bfd0	396	0	7	eligible	verified_structure	1	0
009bef00	212	0	7	eligible	verified_structure	3	0
009bef10	216	0	7	eligible	verified_structure	5	0
009bef20	220	0	7	eligible	verified_structure	3	0
009bef30	140	0	7	eligible	verified_structure	3	0
009bef40	144	0	7	eligible	verified_structure	6	0
009bef50	148	0	7	eligible	verified_structure	8	0
009befc0	152	0	7	eligible	verified_structure	2	0
009befd0	156	0	7	eligible	verified_structure	8	0
009bf190	324	0	7	eligible	verified_structure	2	0
00a62060	264	0	7	eligible	verified_structure	3	0
00a6a000	3096	0	7	eligible	verified_structure	1	0
00a7edf0	132	0	7	eligible	verified_structure	1	0
00a82460	224	0	7	eligible	verified_structure	2	0
00a82470	228	0	7	eligible	verified_structure	1	0
