start	end	bytes
00403e70	00403eb0	65
00403ec0	00403f00	65
004041c4	004041c4	1
0040424e	0040424e	1
004042b0	004042f6	71
00405652	00405654	3
004109cf	004109cf	1
00410e74	00410e74	1
00411d5f	00411d5f	1
00411e3f	00411e3f	1
00412593	00412593	1
004127b3	004127b3	1
004147ba	004147ba	1
00414862	00414862	1
0041490f	0041490f	1
0041499a	0041499a	1
00414a3f	00414a3f	1
00414adf	00414adf	1
004161bd	004161bd	1
0041624a	0041624a	1
0041a25f	0041a25f	1
0041a88a	0041a88a	1
0041bcaf	0041bcaf	1
0041bd4f	0041bd4f	1
0041cb0a	0041cb0a	1
0041d4aa	0041d4aa	1
0041daa3	0041dab6	20
0041db44	0041db56	19
0041e22a	0041e22a	1
0041fa5f	0041fa5f	1
0041faea	0041faea	1
0041fb8f	0041fb8f	1
0042088a	0042088a	1
004222c0	004222ca	11
00422570	0042257c	13
00422c74	00422c74	1
00422d04	00422d04	1
00422d97	00422d97	1
00422e84	00422e84	1
00422f14	00422f14	1
004231af	004231af	1
0042324f	0042324f	1
004232ef	004232ef	1
00424ef0	00424f0e	31
004263aa	004263aa	1
00429a72	00429a72	1
00429b0a	00429b0a	1
00429b9a	00429b9a	1
0042afba	0042afba	1
004300cb	004300df	21
004339ac	004339d6	43
004339da	004339f0	23
00433b6f	00433b7d	15
00433e75	00433e75	1
00435da1	00435dd6	54
00435dda	00435df2	25
00435df6	00435e22	45
00435e26	00435e61	60
00435e65	00435e8a	38
00435e8e	00435eb3	38
00435eb7	00435edc	38
00435ee0	00435f05	38
00435f09	00435f2e	38
00435f32	00435f57	38
00435f5b	00435f95	59
00435f99	00435fc8	48
00435fcc	00435ff1	38
00435ff5	0043601a	38
0043601e	00436043	38
00436047	0043606c	38
00436070	004360a6	55
004360ce	00436105	56
00436109	0043612a	34
0043612e	0043614f	34
00436153	00436174	34
00436178	0043619d	38
004361a1	004361c8	40
004361ea	00436206	29
0043620a	00436221	24
00436225	00436232	14
00438894	00438894	1
0043891e	0043891e	1
004389a5	004389a5	1
00438a4f	00438a4f	1
00438aef	00438aef	1
0043a45a	0043a45a	1
0043d55a	0043d55a	1
0043ed60	0043eda3	68
0043edb0	0043edf3	68
0046e920	0046e936	23
0046e940	0046e956	23
0046ffea	0046ffea	1
00471904	00471904	1
004719af	004719af	1
00471a6e	00471a6e	1
00471da2	00471da2	1
00474b82	00474bac	43
00474bb0	00474be3	52
00474be7	00474c11	43
00474c15	00474c3f	43
00474c43	00474c5b	25
0047631b	00476333	25
0047642e	0047642e	1
004764b4	004764b4	1
00476770	00476848	217
0047684c	0047686c	33
00476870	0047688d	30
00476891	0047689e	14
0047c8d0	0047c910	65
0047c990	0047c9dd	78
0047ebf0	0047ec33	68
0047fcf0	0047fd33	68
0047fd40	0047fd83	68
004834ce	004834ce	1
00483e70	00483f5b	236
00484030	00484044	21
00484050	00484069	26
00485a22	00485a22	1
004869df	004869df	1
00486a6a	00486a6a	1
00486b0f	00486b0f	1
004888ca	004888ca	1
00489b7a	00489b7a	1
00489c1f	00489c1f	1
00489cbf	00489cbf	1
0048ab5a	0048ab5a	1
0048c7e4	0048c7e4	1
0048c8f4	0048c8f4	1
0048c987	0048c987	1
0048ca1a	0048ca1a	1
0048cabf	0048cabf	1
004973b0	004973b6	7
004973c0	004973c3	4
004973d0	004973d3	4
00499b10	00499b14	5
00499b40	00499b44	5
0049a9ea	0049a9ea	1
0049abda	0049abda	1
0049b5af	0049b5af	1
0049b64f	0049b64f	1
0049cf60	0049cf8f	48
004a83ea	004a83ea	1
004ac894	004ac894	1
004ac91e	004ac91e	1
004ac9aa	004ac9aa	1
004aca34	004aca34	1
004acac2	004acac2	1
004acbaf	004acbaf	1
004adc2f	004adc2f	1
004b339f	004b339f	1
004b35ca	004b35ca	1
004b489f	004b489f	1
004b4cfa	004b4cfa	1
004b5dda	004b5dda	1
004b5e7f	004b5e7f	1
004b5f04	004b5f04	1
004b5f92	004b5f92	1
004b7adf	004b7adf	1
004b905f	004b905f	1
004ba603	004ba603	1
004bab94	004bab94	1
004bac2a	004bac2a	1
004bacae	004bacae	1
004bad4f	004bad4f	1
004badef	004badef	1
004be3ba	004be3ba	1
004bee64	004bee64	1
004bf8e4	004bf8e4	1
004bf972	004bf972	1
004bfeca	004bfeca	1
004bff6f	004bff6f	1
004c664a	004c664a	1
004c66ef	004c66ef	1
004c7c84	004c7c84	1
004c7d12	004c7d12	1
004c80d0	004c80d6	7
004c8d54	004c8d54	1
004c8de2	004c8de2	1
004c8e6e	004c8e6e	1
004c8ef2	004c8ef2	1
004d5bda	004d5bda	1
004d5c7f	004d5c7f	1
004d63c4	004d63c4	1
004d6452	004d6452	1
004de154	004de154	1
004de1de	004de1de	1
004de26a	004de26a	1
004de30f	004de30f	1
004e1d70	004e1d8d	30
004e1d9e	004e1de5	72
004e1dea	004e1df5	12
004e5b54	004e5b54	1
004ee7a0	004ee7a9	10
004f08aa	004f08aa	1
004f094f	004f094f	1
004f2a40	004f2a83	68
004f2a90	004f2ad0	65
004f2ae0	004f2b20	65
004f2b30	004f2b73	68
004f2b80	004f2bc5	70
004f2c60	004f2ca6	71
004f30e0	004f3120	65
004f3130	004f3173	68
004f3180	004f31c3	68
004f31d0	004f3213	68
004f3220	004f3263	68
004f3270	004f32b3	68
004f32c0	004f3303	68
004f3370	004f33d4	101
004fd490	004fd4d0	65
004fd500	004fd543	68
004fd550	004fd593	68
004fd5a0	004fd5e3	68
004fd5f0	004fd633	68
004fd640	004fd683	68
004fd690	004fd6d3	68
00510ca0	00510ce3	68
00510cf0	00510d33	68
00510d40	00510d83	68
00510d90	00510dd3	68
00510de0	00510e23	68
00511870	005118b0	65
00512300	00512340	65
00512350	00512390	65
005123a0	005123e0	65
005123f0	00512430	65
00512440	00512480	65
00512490	005124d0	65
005124e0	00512520	65
00512530	00512570	65
00512580	005125c0	65
005125d0	00512610	65
00512620	00512660	65
00512670	005126b0	65
005126c0	00512700	65
00512710	00512750	65
00512760	005127a0	65
005127b0	005127f0	65
00514390	005143d3	68
005143e0	00514423	68
00514430	00514473	68
00514480	005144c3	68
005144d0	00514513	68
00514520	00514563	68
00514570	005145b3	68
005145c0	00514603	68
00514610	00514653	68
00514660	005146a3	68
005146b0	005146f3	68
00514700	00514743	68
00514750	00514793	68
005147a0	005147e3	68
005147f0	00514833	68
00514840	00514883	68
00514890	005148d3	68
005148e0	00514923	68
00514930	00514973	68
00514980	005149c3	68
00548b50	00548b93	68
00548ba0	00548be3	68
00548bf0	00548c33	68
00548c40	00548c83	68
00548f50	00548f93	68
00549270	005492b0	65
005492c0	00549300	65
00549310	00549350	65
00549360	005493a0	65
005494af	005494af	1
00549610	00549653	68
0054d890	0054d8d0	65
0054dc80	0054dcc0	65
0054e210	0054e250	65
0054e260	0054e2ad	78
0054e2b0	0054e2f0	65
0054e300	0054e34d	78
0054e350	0054e390	65
0054e860	0054e8a3	68
0054e990	0054e99b	12
0054e9f0	0054e9f6	7
0055b4ef	0055b4ef	1
0055b5ba	0055b5ba	1
0055c1bf	0055c1bf	1
0055df54	0055df54	1
0055dfea	0055dfea	1
0055e072	0055e072	1
0055e11f	0055e11f	1
0055e1a4	0055e1a4	1
0055e24f	0055e24f	1
0055f50f	0055f50f	1
0055f6af	0055f6af	1
00564970	00564972	3
00564e5a	00564e5a	1
00565310	0056532c	29
00565330	0056534a	27
00565350	0056536b	28
00569b64	00569b64	1
00569bee	00569bee	1
00569c7a	00569c7a	1
0056b320	0056b326	7
0056b340	0056b346	7
0056b370	0056b376	7
0056b380	0056b386	7
0056b390	0056b396	7
0056ba54	0056ba54	1
0056bade	0056bade	1
0056f41a	0056f41a	1
0056f4bf	0056f4bf	1
0056f55f	0056f55f	1
0056feea	0056feea	1
0057dda0	0057dda6	7
0057e8e0	0057e8ea	11
0057e8f0	0057e8fa	11
0057e970	0057e978	9
0057e980	0057e997	24
0057e9a0	0057e9a9	10
0057e9b0	0057e9c7	24
0057e9d0	0057e9da	11
0057e9e0	0057e9f7	24
0057ea00	0057ea0a	11
0057ea10	0057ea27	24
0057ea30	0057ea3a	11
0057ea40	0057ea57	24
0057ea60	0057ea6a	11
0057ea70	0057ea7a	11
0057ea80	0057ea9d	30
0057eaa0	0057eaaa	11
0057eab0	0057eacd	30
0057ead0	0057eada	11
0057eae0	0057eafd	30
0057eb00	0057eb0a	11
0057eb10	0057eb2d	30
0057eb30	0057eb3a	11
0057eb40	0057eb5d	30
0057edd0	0057edd4	5
0057ede0	0057ede4	5
0057edf0	0057edf4	5
0057ee00	0057ee04	5
0057ee10	0057ee14	5
0057ee20	0057ee24	5
005811b0	005811b6	7
005811c0	005811c6	7
0058231f	0058231f	1
005823aa	005823aa	1
00582c64	00582c64	1
00582cee	00582cee	1
005858e4	005858e4	1
0058596e	0058596e	1
00585e02	00585e02	1
00586690	005866ad	30
005866b0	005866c9	26
005871f0	005871f6	7
005873d0	005873dc	13
00587564	00587564	1
005875f2	005875f2	1
00589910	0058991c	13
00589920	0058992c	13
00589960	00589984	37
00589990	0058999c	13
005899b0	005899b6	7
00589b70	00589b8b	28
00589b90	00589bab	28
00589bb0	00589bbb	12
00589bc0	00589bc8	9
00589bd0	00589bda	11
00589be0	00589beb	12
00589bf0	00589c0c	29
00589c10	00589c1c	13
00589c20	00589c26	7
00589c30	00589c36	7
00589c40	00589c4c	13
00589c50	00589c5c	13
00589c60	00589c66	7
00589c70	00589c93	36
00589cc0	00589ce3	36
00589d10	00589d16	7
00589d30	00589d36	7
00589d40	00589d4c	13
00589d50	00589d56	7
00589d60	00589d66	7
00589d80	00589d8c	13
00589d90	00589d96	7
00589da0	00589db3	20
00589dc0	00589dd6	23
00589de0	00589de6	7
00589df0	00589dfc	13
00589e50	00589e56	7
00589e60	00589e6c	13
00589e70	00589e76	7
00589ea0	00589eac	13
00589eb0	00589ebc	13
00589ec0	00589ec6	7
00589ee0	00589ee6	7
00589ef0	00589efc	13
00589f00	00589f06	7
00589f10	00589f1c	13
00589f20	00589f26	7
00589f30	00589f3c	13
00589f40	00589f46	7
00589f50	00589f5c	13
00589f60	00589f66	7
00589f70	00589f7c	13
00589f80	00589f8c	13
00589f90	00589f96	7
00589fa0	00589fbc	29
00589fc0	00589fcc	13
00589fd0	00589fd6	7
00589fe0	00589fec	13
00589ff0	00589ff6	7
0058a000	0058a00c	13
0058a010	0058a016	7
0058a020	0058a02c	13
0058a040	0058a04c	13
0058a050	0058a056	7
0058a060	0058a07c	29
0058a080	0058a09c	29
0058a0a0	0058a0bc	29
0058a0d0	0058a0d6	7
0058a0f0	0058a10c	29
0058a110	0058a12c	29
0058a130	0058a14c	29
0058a160	0058a166	7
0058a170	0058a17c	13
0058a180	0058a186	7
0058a190	0058a19c	13
0058a1a0	0058a1a6	7
0058a1b0	0058a1bc	13
0058a1c0	0058a1c6	7
0058a1d0	0058a1d6	7
0058a1e0	0058a1ec	13
0058a1f0	0058a1f6	7
0058a200	0058a20c	13
0058a210	0058a216	7
0058a220	0058a22c	13
0058a230	0058a236	7
0058a240	0058a24c	13
0058a250	0058a256	7
0058a260	0058a26c	13
0058a270	0058a276	7
0058a280	0058a28c	13
0058a290	0058a296	7
0058a2a0	0058a2ac	13
0058a2b0	0058a2b6	7
0058a2c0	0058a2cc	13
0058a2d0	0058a2d6	7
0058a2e0	0058a2ec	13
0058a2f0	0058a2f6	7
0058a300	0058a30c	13
0058a310	0058a31c	13
0058a320	0058a326	7
0058a330	0058a34c	29
0058a350	0058a35c	13
0058a360	0058a366	7
0058a380	0058a386	7
0058a390	0058a39e	15
0058a3a0	0058a3ac	13
0058ad30	0058ad34	5
0058b8e0	0058b910	49
0058c010	0058c026	23
00593fd4	00593fd4	1
00594064	00594064	1
005940f2	005940f2	1
00594182	00594182	1
00594764	00594764	1
005947ee	005947ee	1
00595d70	00595d92	35
00595da0	00595da6	7
00595dd0	00595df2	35
00595e00	00595e06	7
00595e10	00595e32	35
00595e40	00595e46	7
00595e50	00595e72	35
00595e90	00595eb2	35
00595ec0	00595ec6	7
00595ef0	00595ef6	7
00595f20	00595f26	7
00595f50	00595f56	7
00595f80	00595f86	7
00595f90	00595fac	29
00595fc0	00595fcc	13
00595fd0	00595fd6	7
00595fe0	00595fe6	7
00595ff0	00595ffc	13
00596000	00596006	7
00596010	0059601c	13
00596020	0059602c	13
00596030	00596036	7
00596040	0059604c	13
00596050	00596056	7
00596060	00596066	7
00596070	0059607c	13
00596080	00596086	7
00596090	005960b2	35
005960c0	005960c6	7
005960d0	005960f2	35
00596100	00596122	35
00596170	0059617c	13
00596180	00596186	7
00596190	005961b2	35
005961c0	005961c6	7
005961d0	005961f2	35
00596200	00596206	7
00596210	00596232	35
00596240	00596246	7
00596250	00596272	35
00596280	00596286	7
00596290	005962b2	35
005962c0	005962c6	7
005962d0	005962f2	35
00596300	00596306	7
00596310	00596332	35
00596340	00596346	7
00596350	00596372	35
00596380	00596386	7
00596390	005963b2	35
005963c0	005963c6	7
005963d0	005963f2	35
00596400	00596406	7
00596410	0059641c	13
00596420	00596426	7
00596430	0059643c	13
00596440	00596446	7
00596450	0059645c	13
00596460	00596466	7
00596470	0059647c	13
00596480	00596486	7
00596490	0059649c	13
005964a0	005964a6	7
005964b0	005964bc	13
005964c0	005964c6	7
005964d0	005964dc	13
005964e0	005964e6	7
005964f0	005964fc	13
00596500	00596506	7
00596510	00596532	35
00596540	00596546	7
00596550	00596572	35
00596580	00596586	7
00596590	005965b2	35
005965c0	005965c6	7
005965d0	005965f2	35
00596600	00596606	7
00596630	00596638	9
00596660	00596668	9
00596690	00596698	9
005966a0	005966a3	4
005966b0	005966b9	10
005966c0	005966c7	8
005966d0	005966e9	26
005966f0	005966f7	8
00596700	00596707	8
00596710	00596734	37
00596740	00596748	9
00596750	00596757	8
00596760	00596769	10
00596770	00596777	8
00596780	00596789	10
00596790	005967b4	37
005967c0	005967c8	9
005967d0	005967f4	37
00596800	00596808	9
00596810	00596834	37
00596840	00596848	9
00596850	00596857	8
00596860	00596867	8
00596870	00596894	37
005968a0	005968a8	9
005968d0	005968d8	9
00596900	00596908	9
00596930	00596938	9
00596960	00596968	9
00596970	00596994	37
005969a0	005969a8	9
005969d0	005969d8	9
005969e0	005969ef	16
005971e0	005971e6	7
00598260	00598273	20
00598280	00598296	23
0059d194	0059d194	1
0059db06	0059db06	1
0059de30	0059de59	42
0059e6f0	0059e703	20
0059e710	0059e716	7
0059e8b0	0059e8bc	13
0059e8c0	0059e8c6	7
0059e8d0	0059e8dc	13
0059e8e0	0059e8e6	7
0059e8f0	0059e8fc	13
0059e900	0059e906	7
0059e910	0059e91c	13
0059e920	0059e926	7
0059e930	0059e93c	13
0059e940	0059e946	7
0059e950	0059e95c	13
0059e960	0059e966	7
0059e970	0059e97c	13
0059e980	0059e986	7
0059e990	0059e99c	13
0059e9b0	0059e9bc	13
0059e9c0	0059e9c6	7
0059e9d0	0059e9d6	7
0059e9e0	0059e9ec	13
0059e9f0	0059e9f6	7
0059ea00	0059ea06	7
0059ea10	0059ea1c	13
0059ea20	0059ea26	7
0059ec10	0059ec14	5
0059ec40	0059ec44	5
005a238a	005a238a	1
005a242f	005a242f	1
005a40f2	005a4a6a	2425
005b16bf	005b16bf	1
005b3734	005b3734	1
005b8ab0	005b8abc	13
005b8ac0	005b8acc	13
005b8ad0	005b8ad6	7
005b8ae0	005b8aec	13
005b8af0	005b8af6	7
005b8b00	005b8b17	24
005b8b20	005b8b37	24
005b8b40	005b8b57	24
005b8b60	005b8b77	24
005b8b80	005b8b8c	13
005b8b90	005b8b9c	13
005b8ba0	005b8bac	13
005b8bb0	005b8bbc	13
005b8eb0	005b8eb7	8
005b8ec0	005b8ec4	5
005b8ed0	005b8ed4	5
005b8ee0	005b8ee7	8
005bd5c0	005bd5cc	13
005bd5d0	005bd5d6	7
005be610	005be63a	43
005c3500	005c3504	5
005c6cea	005c6cea	1
005c75e4	005c75e4	1
005c767a	005c767a	1
005c76fe	005c76fe	1
005c779f	005c779f	1
005c782a	005c782a	1
005c790f	005c790f	1
005cf864	005cf864	1
005cf8ee	005cf8ee	1
005d23ba	005d23ba	1
005d245f	005d245f	1
005d52af	005d52af	1
005d533a	005d533a	1
005de8af	005de8af	1
005def20	005def82	99
005def90	005defd6	71
005e0000	005e0043	68
005e0050	005e0090	65
005e00a0	005e00e5	70
005e00f0	005e0133	68
005e0140	005e0183	68
005e0190	005e01d0	65
005e048f	005e048f	1
005e052f	005e052f	1
005e3c20	005e3c60	65
005e6620	005e6681	98
005e6b20	005e6b63	68
005ecfd0	005ed013	68
005ed020	005ed063	68
005ed270	005ed2b3	68
005f3d6f	005f3d6f	1
005f3f5a	005f3f5a	1
005fce4e	005fce4e	1
005fced4	005fced4	1
005fd6ef	005fd6ef	1
005fe51f	005fe51f	1
00601b30	00601b3a	11
00601b40	00601b45	6
00601b50	00601b55	6
00601b60	00601b65	6
00601e70	00601e74	5
00601e80	00601e84	5
00607a74	00607a74	1
00607afe	00607afe	1
0060eb4a	0060eb4a	1
0060ee0a	0060ee0a	1
006110b4	006110b4	1
0061411a	0061411a	1
006141bf	006141bf	1
0061ae59	0061ae59	1
0061b8d5	0061b8d5	1
0061d38f	0061d38f	1
0061d41a	0061d41a	1
0061f4b0	0061f4e5	54
00621def	00621def	1
00621e7a	00621e7a	1
00624733	00624735	3
00626380	00626386	7
00626390	00626395	6
006263a0	006263a6	7
006263b0	006263b5	6
006263c0	006263c6	7
006263d0	006263d5	6
00628220	0062822b	12
0062a902	0062a91f	30
0062af4f	0062af62	20
0062af81	0062af94	20
0062afb0	0062afe9	58
0062afed	0062aff4	8
0062b9bf	0062b9bf	1
0062f80f	0062f80f	1
0062f89a	0062f89a	1
00635600	00635640	65
00639cd4	00639d05	50
0063a584	0063a5be	59
0063a8c0	0063a8e1	34
0063cdea	0063ce55	108
0063ce63	0063ce78	22
0063faac	0063fb91	230
00640e9f	00640fcb	301
00641236	0064129a	101
0064230d	00642339	45
00642341	00642350	16
00653420	00653439	26
00653440	00653445	6
00654250	00654273	36
0065455f	0065455f	1
00663e20	00663e60	65
00663e70	00663eb0	65
00663ec0	00663f00	65
00663f60	00663f74	21
00663fe0	00664026	71
00664030	00664076	71
00671594	00671594	1
0067168e	0067168e	1
0067172f	0067172f	1
006743da	006743da	1
0067b6d4	0067b6d4	1
0067b75e	0067b75e	1
0067b7ff	0067b7ff	1
0067ba3a	0067ba3a	1
0067be3e	0067be58	27
0067d76a	0067d76a	1
0067d80f	0067d80f	1
0067d8af	0067d8af	1
0068078a	0068078a	1
006821e0	00682220	65
00682230	00682270	65
00682280	006822c3	68
006822d0	00682310	65
00682320	00682360	65
00682454	00682454	1
00682460	006824a6	71
006824b0	006824f6	71
00682530	0068258c	93
00682a00	00682a40	65
00682af0	00682b3d	78
00682c90	00682cd3	68
00682f7f	00682f7f	1
006836fa	006836fa	1
00684624	00684624	1
0068473f	0068473f	1
006847df	006847df	1
00684ec2	00684ec2	1
0068518a	0068518a	1
0068696a	0068696a	1
00688a80	00688a9e	31
00688bc4	00688bc4	1
00688c5a	00688c5a	1
00688cff	00688cff	1
00688d9f	00688d9f	1
0068a3f2	0068a3f2	1
0068a48a	0068a48a	1
0068e1da	0068e1da	1
0068e27f	0068e27f	1
0068fa1a	0068fa1a	1
0068faff	0068faff	1
00692daf	00692daf	1
0069450a	0069450a	1
006958a4	006958a4	1
0069594f	0069594f	1
00696632	00696632	1
00696c0a	00696c0a	1
006995d4	006995d4	1
00699b52	00699b52	1
0069a88f	0069a88f	1
0069bfca	0069bfca	1
0069e5be	0069e5be	1
0069f1b4	0069f1b4	1
0069f25f	0069f25f	1
0069f2ea	0069f2ea	1
0069f812	0069f812	1
006a006a	006a0086	29
006a1ad2	006a1ad2	1
006a2b20	006a2b63	68
006c1594	006c1594	1
006e87b4	006e87b4	1
006e8dda	006e8dda	1
006e8e7f	006e8e7f	1
006eba3a	006eba3a	1
006ebadf	006ebadf	1
006ebb6a	006ebb6a	1
006ef2f4	006ef2f4	1
006ef5b2	006ef5b2	1
006f081f	006f081f	1
006f08aa	006f08aa	1
006f6d3f	006f6d3f	1
006f74da	006f74da	1
006f756a	006f756a	1
006f885f	006f885f	1
006f8b8a	006f8b8a	1
006f8c1a	006f8c1a	1
006f9bdf	006f9bdf	1
006f9d5a	006f9d5a	1
006f9dea	006f9dea	1
006fb2bf	006fb2bf	1
006fb44a	006fb44a	1
006fb4da	006fb4da	1
006fc524	006fc524	1
006fc5ae	006fc5ae	1
006fc64f	006fc64f	1
006fcf0a	006fcf0a	1
006ff3ff	006ff3ff	1
0070090a	0070090a	1
00705eff	00705eff	1
0070614a	0070614a	1
00708b10	00708b3d	46
0070e47f	0070e47f	1
0070ebca	0070ebca	1
0070ec5a	0070ec5a	1
00710d14	00710d14	1
00710da4	00710da4	1
00710e2e	00710e2e	1
00710ecf	00710ecf	1
00711722	00711722	1
007117ba	007117ba	1
00717c4a	00717c4a	1
00717cef	00717cef	1
00718573	0071866c	250
007186b3	0071876d	187
00719024	00719024	1
007190ba	007190ba	1
0071915f	0071915f	1
0071b864	0071b864	1
0071b8f4	0071b8f4	1
0071b984	0071b984	1
0071ba54	0071ba54	1
0071bae2	0071bae2	1
0071bb72	0071bb72	1
0071bc02	0071bc02	1
0071bc9a	0071bc9a	1
0071bd1e	0071bd1e	1
0071bda2	0071bda2	1
0071be4f	0071be4f	1
0071beef	0071beef	1
0071ef9a	0071ef9a	1
007224c4	007224c4	1
0072254e	0072254e	1
00722bf4	00722bf4	1
00722c7e	00722c7e	1
00723b1f	00723b1f	1
0072568a	0072568a	1
00734ebe	00734ebe	1
00735ed0	00735ed0	1
00737084	00737084	1
0073710e	0073710e	1
0073c522	0073c522	1
0073c5d4	0073c5d4	1
0073f190	0073f1b5	38
0073f36a	0073f36a	1
0073f40f	0073f40f	1
007418a4	007418a4	1
0074192e	0074192e	1
007419cf	007419cf	1
00741a5a	00741a5a	1
0074944a	0074944a	1
007494ef	007494ef	1
0074d25a	0074d25a	1
0074d2ff	0074d2ff	1
00768e24	00768e24	1
00768eb4	00768eb4	1
00768ff2	00768ff2	1
0076907e	0076907e	1
0076911f	0076911f	1
007691aa	007691aa	1
0076c13f	0076c13f	1
0076c21f	0076c21f	1
00774654	00774654	1
007746e2	007746e2	1
007759f4	007759f4	1
00775abe	00775abe	1
00775b4a	00775b4a	1
00775bef	00775bef	1
00776b0f	00776b0f	1
00779da4	00779da4	1
00779e32	00779e32	1
00779edf	00779edf	1
00781144	00781144	1
007811d4	007811d4	1
00781264	00781264	1
00781f1f	00781f1f	1
0078490f	0078490f	1
0078ef94	0078ef94	1
0078ff92	0078ff92	1
0079028f	0079028f	1
0079059a	0079059a	1
007932ca	007932ca	1
00793352	00793352	1
007933ff	007933ff	1
00793504	00793504	1
00798fd4	00798fd4	1
00799062	00799062	1
00799c2f	00799c2f	1
007a2664	007a2664	1
007a4594	007a4594	1
007a461e	007a461e	1
007b688f	007b688f	1
007b7e14	007b7e14	1
007b7ea2	007b7ea2	1
007b7f3a	007b7f3a	1
007b7fdf	007b7fdf	1
007ba22f	007ba22f	1
007ba2ba	007ba2ba	1
007bd34f	007bd34f	1
007be24a	007be24a	1
007d38e0	007d38e7	8
007d3b8a	007d3b8a	1
007d3c2f	007d3c2f	1
007d48ef	007d48ef	1
007da060	007da0a3	68
007da0b0	007da0f0	65
007da100	007da140	65
007daf64	007daf64	1
007dafee	007dafee	1
007db450	007db45d	14
007e0c00	007e0c09	10
007e0c10	007e0c19	10
007e0c20	007e0c29	10
007e0c30	007e0c39	10
007e0c40	007e0c49	10
007e0c50	007e0c59	10
007e0c60	007e0c69	10
007e0c70	007e0c79	10
007e0c80	007e0c89	10
007e0c90	007e0c99	10
007e0ca0	007e0ca9	10
007e0cb0	007e0cb9	10
007e0cc0	007e0cc9	10
007e0cd0	007e0cd9	10
007e0ce0	007e0ce9	10
007e0cf0	007e0cf9	10
007e0d00	007e0d09	10
007e0d10	007e0d19	10
007e0d20	007e0d29	10
007e0d30	007e0d39	10
007e0d40	007e0d49	10
007e0d50	007e0d59	10
007e0d60	007e0d69	10
007e0d70	007e0d79	10
007e0d80	007e0d89	10
007e0d90	007e0d99	10
007e0da0	007e0da9	10
007e0db0	007e0db9	10
007e0dc0	007e0dc9	10
007e0dd0	007e0dd9	10
007e0de0	007e0de9	10
007e0df0	007e0df9	10
007e0e00	007e0e09	10
007e0e10	007e0e19	10
007e0e20	007e0e29	10
007e0e30	007e0e39	10
007e0e40	007e0e49	10
007e0e50	007e0e59	10
007e0e60	007e0e69	10
007e0e70	007e0e79	10
007e0e80	007e0e89	10
007e0e90	007e0e99	10
007e0ea0	007e0ea9	10
007e0eb0	007e0eb9	10
007e0ec0	007e0ec9	10
007e0ed0	007e0ed9	10
007e0ee0	007e0ee9	10
007e0ef0	007e0ef9	10
007e0f00	007e0f09	10
007e0f10	007e0f19	10
007e0f20	007e0f29	10
007e0f30	007e0f39	10
007e0f40	007e0f49	10
007e0f50	007e0f59	10
007e0f60	007e0f69	10
007e0f70	007e0f79	10
007e0f80	007e0f89	10
007e0f90	007e0f99	10
007e0fa0	007e0fa9	10
007e0fb0	007e0fb9	10
007e0fc0	007e0fc9	10
007e0fd0	007e0fd9	10
007e0fe0	007e0fe9	10
007e0ff0	007e0ff9	10
007e1000	007e1009	10
007e1010	007e1019	10
007e1020	007e1029	10
007e1030	007e1039	10
007e1040	007e1049	10
007e1050	007e1059	10
007e1060	007e1069	10
007e1070	007e1079	10
007e1080	007e1089	10
007e1090	007e1099	10
007e10a0	007e10a9	10
007e10b0	007e10b9	10
007e10c0	007e10c9	10
007e10d0	007e10d9	10
007e10e0	007e10e9	10
007e10f0	007e10f9	10
007e1100	007e1109	10
007e1110	007e1119	10
007e1120	007e1129	10
007e1130	007e1139	10
007e1140	007e1149	10
007e1150	007e1159	10
007e1160	007e1169	10
007e1170	007e1179	10
007e1180	007e1189	10
007e1190	007e1199	10
007e11a0	007e11a9	10
007e11b0	007e11b9	10
007e11c0	007e11c9	10
007e11d0	007e11d9	10
007e11e0	007e11e9	10
007e11f0	007e11f9	10
007e1200	007e1209	10
007e1210	007e1219	10
007e1220	007e1229	10
007e1230	007e1239	10
007e1240	007e1249	10
007e1250	007e1259	10
007e1260	007e1269	10
007e1270	007e1279	10
007e1280	007e1289	10
007e1290	007e1299	10
007e12a0	007e12a9	10
007e12b0	007e12b9	10
007e12c0	007e12c9	10
007e12d0	007e12d9	10
007e12e0	007e12e9	10
007e12f0	007e12f9	10
007e1300	007e1309	10
007e1310	007e1319	10
007e1320	007e1329	10
007e1330	007e1339	10
007e1340	007e1349	10
007e1350	007e1359	10
007e1360	007e1369	10
007e1370	007e1379	10
007e1380	007e1389	10
007e1390	007e1399	10
007e13a0	007e13a9	10
007e13b0	007e13b9	10
007e13c0	007e13c9	10
007e13d0	007e13d9	10
007e13e0	007e13e9	10
007e13f0	007e13f9	10
007e1400	007e1409	10
007e1410	007e1419	10
007e1420	007e1429	10
007e1430	007e1439	10
007e1440	007e1449	10
007e1450	007e1459	10
007e1460	007e1469	10
007e1470	007e1479	10
007e1480	007e1489	10
007e1490	007e1499	10
007e14a0	007e14a9	10
007e14b0	007e14b9	10
007e14c0	007e14c9	10
007e14d0	007e14d9	10
007e14e0	007e14e9	10
007e14f0	007e14f9	10
007e1500	007e1509	10
007e1510	007e1519	10
007e1520	007e1529	10
007e1530	007e1539	10
007e1540	007e1549	10
007e1550	007e1559	10
007e1560	007e1569	10
007e1570	007e1579	10
007e1580	007e1589	10
007e1590	007e1599	10
007e15a0	007e15a9	10
007e15b0	007e15b9	10
007e15c0	007e15c9	10
007e15d0	007e15d9	10
007e15e0	007e15e9	10
007e15f0	007e15f9	10
007e1600	007e1609	10
007e1610	007e1619	10
007e1620	007e1629	10
007e1630	007e1639	10
007e1640	007e1649	10
007e1650	007e1659	10
007e1660	007e1669	10
007e1670	007e1679	10
007e1680	007e1689	10
007e1690	007e1699	10
007e16a0	007e16a9	10
007e16b0	007e16b9	10
007e16c0	007e16c9	10
007e16d0	007e16d9	10
007e16e0	007e16e9	10
007e16f0	007e16f9	10
007e1700	007e1709	10
007e1710	007e1719	10
007e1720	007e1729	10
007e1730	007e1739	10
007e1740	007e1749	10
007e1750	007e1759	10
007e1760	007e1769	10
007e1770	007e1779	10
007e1780	007e1789	10
007e1790	007e1799	10
007e17a0	007e17a9	10
007e17b0	007e17b9	10
007e17c0	007e17c9	10
007e17d0	007e17d9	10
007e17e0	007e17e9	10
007e17f0	007e17f9	10
007e1800	007e1809	10
007e1810	007e1819	10
007e1820	007e1829	10
007e1830	007e1839	10
007e1840	007e1849	10
007e1850	007e1859	10
007e1860	007e1869	10
007e1870	007e1879	10
007e1880	007e1889	10
007e1890	007e1899	10
007e18a0	007e18a9	10
007e18b0	007e18b9	10
007e18c0	007e18c9	10
007e18d0	007e18d9	10
007e18e0	007e18e9	10
007e18f0	007e18f9	10
007e1900	007e1909	10
007e1910	007e1919	10
007e1920	007e1929	10
007e1930	007e1939	10
007e1940	007e1949	10
007e1950	007e1959	10
007e1960	007e1969	10
007e1970	007e1979	10
007e1980	007e1989	10
007e1990	007e1999	10
007e19a0	007e19a9	10
007e19b0	007e19b9	10
007e19c0	007e19c9	10
007e19d0	007e19d9	10
007e19e0	007e19e9	10
007e19f0	007e19f9	10
007e1a00	007e1a09	10
007e1a10	007e1a19	10
007e1a20	007e1a29	10
007e1a30	007e1a39	10
007e1a40	007e1a49	10
007e1a50	007e1a59	10
007e1a60	007e1a69	10
007e1a70	007e1a79	10
007e1a80	007e1a89	10
007e1a90	007e1a99	10
007e1aa0	007e1aa9	10
007e1ab0	007e1ab9	10
007e1ac0	007e1ac9	10
007e1ad0	007e1ad9	10
007e1ae0	007e1ae9	10
007e1af0	007e1af9	10
007e1b00	007e1b09	10
007e1b10	007e1b19	10
007e1b20	007e1b29	10
007e1b30	007e1b39	10
007e1b40	007e1b49	10
007e1b50	007e1b59	10
007e1b60	007e1b69	10
007e1b70	007e1b79	10
007e1b80	007e1b89	10
007e1b90	007e1b99	10
007e1ba0	007e1ba9	10
007e1bb0	007e1bb9	10
007e1bc0	007e1bc9	10
007e1bd0	007e1bd9	10
007e1be0	007e1be9	10
007e1bf0	007e1bf9	10
007e1c00	007e1c09	10
007e1c10	007e1c19	10
007e1c20	007e1c29	10
007e1c30	007e1c39	10
007e1c40	007e1c49	10
007e1c50	007e1c59	10
007e1c60	007e1c69	10
007e1c70	007e1c79	10
007e1c80	007e1c89	10
007e1c90	007e1c99	10
007e1ca0	007e1ca9	10
007e1cb0	007e1cb9	10
007e1cc0	007e1cc9	10
007e1cd0	007e1cd9	10
007e1ce0	007e1ce9	10
007e1cf0	007e1cf9	10
007e1d00	007e1d09	10
007e1d10	007e1d19	10
007e1d20	007e1d29	10
007e1d30	007e1d39	10
007e1d40	007e1d49	10
007e1d50	007e1d59	10
007e1d60	007e1d69	10
007e1d70	007e1d79	10
007e1d80	007e1d89	10
007e1d90	007e1d99	10
007e1da0	007e1da9	10
007e1db0	007e1db9	10
007e1dc0	007e1dc9	10
007e1dd0	007e1dd9	10
007e1de0	007e1de9	10
007e1df0	007e1df9	10
007e1e00	007e1e09	10
007e1e10	007e1e19	10
007e1e20	007e1e29	10
007e1e30	007e1e39	10
007e1e40	007e1e49	10
007e1e50	007e1e59	10
007e1e60	007e1e69	10
007e1e70	007e1e79	10
007e1e80	007e1e89	10
007e1e90	007e1e99	10
007e1ea0	007e1ea9	10
007e1eb0	007e1eb9	10
007e1ec0	007e1ec9	10
007e1ed0	007e1ed9	10
007e1ee0	007e1ee9	10
007e1ef0	007e1ef9	10
007e1f00	007e1f09	10
007e1f10	007e1f19	10
007e1f20	007e1f29	10
007e1f30	007e1f39	10
007e1f40	007e1f49	10
007e1f50	007e1f59	10
007e1f60	007e1f69	10
007e1f70	007e1f79	10
007e1f80	007e1f89	10
007e1f90	007e1f99	10
007e1fa0	007e1fa9	10
007e1fb0	007e1fb9	10
007e1fc0	007e1fc9	10
007e1fd0	007e1fd9	10
007e1fe0	007e1fe9	10
007e1ff0	007e1ff9	10
007e2000	007e2009	10
007e2010	007e2019	10
007e2020	007e2029	10
007e2030	007e2039	10
007e2040	007e2049	10
007e2050	007e2059	10
007e2060	007e2069	10
007e2070	007e2079	10
007e2080	007e2089	10
007e2090	007e2099	10
007e20a0	007e20a9	10
007e20b0	007e20b9	10
007e20c0	007e20c9	10
007e20d0	007e20d9	10
007e20e0	007e20e9	10
007e20f0	007e20f9	10
007e2100	007e2109	10
007e2110	007e2119	10
007e2120	007e2129	10
007e2130	007e2139	10
007e2140	007e2149	10
007e2150	007e2159	10
007e2160	007e2169	10
007e2170	007e2179	10
007e2180	007e2189	10
007e2190	007e2199	10
007e21a0	007e21a9	10
007e21b0	007e21b9	10
007e21c0	007e21c9	10
007e21d0	007e21d9	10
007e21e0	007e21e9	10
007e21f0	007e21f9	10
007e2200	007e2209	10
007e2210	007e2219	10
007e2220	007e2229	10
007e2230	007e2239	10
007e2240	007e2249	10
007e2250	007e2259	10
007e2260	007e2269	10
007e2270	007e2279	10
007e2280	007e2289	10
007e2290	007e2299	10
007e22a0	007e22a9	10
007e22b0	007e22b9	10
007e22c0	007e22c9	10
007e22d0	007e22d9	10
007e22e0	007e22e9	10
007e22f0	007e22f9	10
007e2300	007e2309	10
007e2310	007e2319	10
007e2320	007e2329	10
007e2330	007e2339	10
007e2340	007e2349	10
007e2350	007e2359	10
007e2360	007e2369	10
007e2370	007e2379	10
007e2380	007e2389	10
007e2390	007e2399	10
007e23a0	007e23a9	10
007e23b0	007e23b9	10
007e23c0	007e23c9	10
007e23d0	007e23d9	10
007e23e0	007e23e9	10
007e23f0	007e23f9	10
007e2400	007e2409	10
007e2410	007e2419	10
007e2420	007e2429	10
007e2430	007e2439	10
007e2440	007e2449	10
007e2450	007e2459	10
007e2460	007e2469	10
007e2470	007e2479	10
007e2480	007e2489	10
007e2490	007e2499	10
007e24a0	007e24a9	10
007e24b0	007e24b9	10
007e24c0	007e24c9	10
007e24d0	007e24d9	10
007e24e0	007e24e9	10
007e24f0	007e24f9	10
007e2500	007e2509	10
007e2510	007e2519	10
007e2520	007e2529	10
007e2530	007e2539	10
007e2540	007e2549	10
007e2550	007e2559	10
007e2560	007e2569	10
007e2570	007e2579	10
007e2580	007e2589	10
007e2590	007e2599	10
007e25a0	007e25a9	10
007e25b0	007e25b9	10
007e25c0	007e25c9	10
007e25d0	007e25d9	10
007e25e0	007e25e9	10
007e25f0	007e25f9	10
007e2600	007e2609	10
007e2610	007e2619	10
007e2620	007e2629	10
007e2630	007e2639	10
007e2640	007e2649	10
007e2650	007e2659	10
007e2660	007e2669	10
007e2670	007e2679	10
007e2680	007e2689	10
007e2690	007e2699	10
007e26a0	007e26a9	10
007e26b0	007e26b9	10
007e26c0	007e26c9	10
007e26d0	007e26d9	10
007e26e0	007e26e9	10
007e26f0	007e26f9	10
007e2700	007e2709	10
007e2710	007e2719	10
007e2720	007e2729	10
007e2730	007e2739	10
007e2740	007e2749	10
007e2750	007e2759	10
007e2760	007e2769	10
007e2770	007e2779	10
007e2780	007e2789	10
007e2790	007e2799	10
007e27a0	007e27a9	10
007e27b0	007e27b9	10
007e27c0	007e27c9	10
007e27d0	007e27d9	10
007e27e0	007e27e9	10
007e27f0	007e27f9	10
007e2800	007e2809	10
007e2810	007e2819	10
007e2820	007e2829	10
007e2830	007e2839	10
007e2840	007e2849	10
007e2850	007e2859	10
007e2860	007e2869	10
007e2870	007e2879	10
007e2880	007e2889	10
007e2890	007e2899	10
007e28a0	007e28a9	10
007e28b0	007e28b9	10
007e28c0	007e28c9	10
007e28d0	007e28d9	10
007e28e0	007e28e9	10
007e28f0	007e28f9	10
007e2900	007e2909	10
007e2910	007e2919	10
007e2920	007e2929	10
007e2930	007e2939	10
007e2940	007e2949	10
007e2950	007e2959	10
007e2960	007e2969	10
007e2970	007e2979	10
007e2980	007e2989	10
007e2990	007e2999	10
007e29a0	007e29a9	10
007e29b0	007e29b9	10
007e29c0	007e29c9	10
007e29d0	007e29d9	10
007e29e0	007e29e9	10
007e29f0	007e29f9	10
007e2a00	007e2a09	10
007e2a10	007e2a19	10
007e2a20	007e2a29	10
007e2a30	007e2a39	10
007e2a40	007e2a49	10
007e2a50	007e2a59	10
007e2a60	007e2a69	10
007e2a70	007e2a79	10
007e2a80	007e2a89	10
007e2a90	007e2a99	10
007e2aa0	007e2aa9	10
007e2ab0	007e2ab9	10
007e2ac0	007e2ac9	10
007e2ad0	007e2ad9	10
007e2ae0	007e2ae9	10
007e2af0	007e2af9	10
007e2b00	007e2b09	10
007e2b10	007e2b19	10
007e2b20	007e2b29	10
007e2b30	007e2b39	10
007e2b40	007e2b49	10
007e2b50	007e2b59	10
007e2b60	007e2b69	10
007e2b70	007e2b79	10
007e2b80	007e2b89	10
007e2b90	007e2b99	10
007e2ba0	007e2ba9	10
007e2bb0	007e2bb9	10
007e2bc0	007e2bc9	10
007e2bd0	007e2bd9	10
007e2be0	007e2be9	10
007e2bf0	007e2bf9	10
007e2c00	007e2c09	10
007e2c10	007e2c19	10
007e2c20	007e2c29	10
007e2c30	007e2c39	10
007e2c40	007e2c49	10
007e2c50	007e2c59	10
007e2c60	007e2c69	10
007e2c70	007e2c79	10
007e2c80	007e2c89	10
007e2c90	007e2c99	10
007e2ca0	007e2ca9	10
007e2cb0	007e2cb9	10
007e2cc0	007e2cc9	10
007e2cd0	007e2cd9	10
007e2ce0	007e2ce9	10
007e2cf0	007e2cf9	10
007e2d00	007e2d09	10
007e2d10	007e2d19	10
007e2d20	007e2d29	10
007e2d30	007e2d39	10
007e2d40	007e2d49	10
007e2d50	007e2d59	10
007e2d75	007e2d7e	10
007e2d87	007e2d90	10
007e2dc5	007e2dce	10
007e2de1	007e2dea	10
007e2e06	007e2e0f	10
007e2e18	007e2e21	10
007e2e2a	007e2e33	10
007e2e40	007e2e49	10
007e2e50	007e2e59	10
007e2e60	007e2e69	10
007e2e70	007e2e79	10
007e2e80	007e2e89	10
007e2e90	007e2e99	10
007e2ea0	007e2ea9	10
007e2eb0	007e2eb9	10
007e2ec0	007e2ec9	10
007e2ed0	007e2ed9	10
007e2ee0	007e2ee9	10
007e2ef0	007e2ef9	10
007e2f00	007e2f09	10
007e2f10	007e2f19	10
007e2f20	007e2f29	10
007e2f30	007e2f39	10
007e2f40	007e2f49	10
007e2f50	007e2f59	10
007e2f60	007e2f69	10
007e2f70	007e2f79	10
007e2f80	007e2f89	10
007e2f90	007e2f99	10
007e2fa0	007e2fa9	10
007e2fb0	007e2fb9	10
007e2fc0	007e2fc9	10
007e2fd0	007e2fd9	10
007e2fe0	007e2fe9	10
007e2ff0	007e2ff9	10
007e3000	007e3009	10
007e3010	007e3019	10
007e3020	007e3029	10
007e3030	007e3039	10
007e3040	007e3049	10
007e3050	007e3059	10
007e3060	007e3069	10
007e3070	007e3079	10
007e3080	007e3089	10
007e3090	007e3099	10
007e30a0	007e30a9	10
007e30b0	007e30b9	10
007e30c0	007e30c9	10
007e30d0	007e30d9	10
007e30e0	007e30e9	10
007e30f0	007e30f9	10
007e3100	007e3109	10
007e3110	007e3119	10
007e3120	007e3129	10
007e3130	007e3139	10
007e3140	007e3149	10
007e3150	007e3159	10
007e3160	007e3169	10
007e3170	007e3179	10
007e3180	007e3189	10
007e3190	007e3199	10
007e31a0	007e31a9	10
007e31b0	007e31b9	10
007e31c0	007e31c9	10
007e31d0	007e31d9	10
007e31e0	007e31e9	10
007e31f0	007e31f9	10
007e3200	007e3209	10
007e3210	007e3219	10
007e3220	007e3229	10
007e3230	007e3239	10
007e3240	007e3249	10
007e3250	007e3259	10
007e3260	007e3269	10
007e3270	007e3279	10
007e3280	007e3289	10
007e3290	007e3299	10
007e32a0	007e32a9	10
007e32b0	007e32b9	10
007e32c0	007e32c9	10
007e32d0	007e32d9	10
007e32e0	007e32e9	10
007e32f0	007e32f9	10
007e3300	007e3309	10
007e3310	007e3319	10
007e3320	007e3329	10
007e3330	007e3339	10
007e3340	007e3349	10
007e3350	007e3359	10
007e3360	007e3369	10
007e3370	007e3379	10
007e3380	007e3389	10
007e3390	007e3399	10
007e33a0	007e33a9	10
007e33b0	007e33b9	10
007e33c0	007e33c9	10
007e33d0	007e33d9	10
007e33e0	007e33e9	10
007e33f0	007e33f9	10
007e3400	007e3409	10
007e3410	007e3419	10
007e3420	007e3429	10
007e3430	007e3439	10
007e3440	007e3449	10
007e3450	007e3459	10
007e3460	007e3469	10
007e3470	007e3479	10
007e3480	007e3489	10
007e3490	007e3499	10
007e34a0	007e34a9	10
007e34b0	007e34b9	10
007e34c0	007e34c9	10
007e34d0	007e34d9	10
007e34e0	007e34e9	10
007e34f0	007e34f9	10
007e3500	007e3509	10
007e3510	007e3519	10
007e3520	007e3529	10
007e3530	007e3539	10
007e3540	007e3549	10
007e3550	007e3559	10
007e3560	007e3569	10
007e3570	007e3579	10
007e3580	007e3589	10
007e3590	007e3599	10
007e35a0	007e35a9	10
007e35b0	007e35b9	10
007e35c0	007e35c9	10
007e35d0	007e35d9	10
007e35e0	007e35e9	10
007e35f0	007e35f9	10
007e3600	007e3609	10
007e3610	007e3619	10
007e3620	007e3629	10
007e3630	007e3639	10
007e3640	007e3649	10
007e3650	007e3659	10
007e3660	007e3669	10
007e3670	007e3679	10
007e3680	007e3689	10
007e3690	007e3699	10
007e36a0	007e36a9	10
007e36b0	007e36b9	10
007e36c0	007e36c9	10
007e36d0	007e36d9	10
007e36e0	007e36e9	10
007e36f0	007e36f9	10
007e3700	007e3709	10
007e3710	007e3719	10
007e3720	007e3729	10
007e3730	007e3739	10
007e3740	007e3749	10
007e3750	007e3759	10
007e3760	007e3769	10
007e3770	007e3779	10
007e3780	007e3789	10
007e3790	007e3799	10
007e37a0	007e37a9	10
007e37b0	007e37b9	10
007e37c0	007e37c9	10
007e37d0	007e37d9	10
007e37e0	007e37e9	10
007e37f0	007e37f9	10
007e3800	007e3809	10
007e3810	007e3819	10
007e3820	007e3829	10
007e3830	007e3839	10
007e3840	007e3849	10
007e3850	007e3859	10
007e3860	007e3869	10
007e3870	007e3879	10
007e3880	007e3889	10
007e3890	007e3899	10
007e38a0	007e38a9	10
007e38b0	007e38b9	10
007e38c0	007e38c9	10
007e38d0	007e38d9	10
007e38e0	007e38e9	10
007e38f0	007e38f9	10
007e3900	007e3909	10
007e3910	007e3919	10
007e3920	007e3929	10
007e3930	007e3939	10
007e3940	007e3949	10
007e3950	007e3959	10
007e3960	007e3969	10
007e3970	007e3979	10
007e3980	007e3989	10
007e3990	007e3999	10
007e39a0	007e39a9	10
007e39b0	007e39b9	10
007e39c0	007e39c9	10
007e39d0	007e39d9	10
007e39e0	007e39e9	10
007e39f0	007e39f9	10
007e3a00	007e3a09	10
007e3a10	007e3a19	10
007e3a20	007e3a29	10
007e3a30	007e3a39	10
007e3a40	007e3a49	10
007e3a50	007e3a59	10
007e3a60	007e3a69	10
007e3a70	007e3a79	10
007e3a80	007e3a89	10
007e3a90	007e3a99	10
007e3aa0	007e3aa9	10
007e3ab0	007e3ab9	10
007e3ac0	007e3ac9	10
007e3ad0	007e3ad9	10
007e3ae0	007e3ae9	10
007e3af0	007e3af9	10
007e3b00	007e3b09	10
007e3b10	007e3b19	10
007e3b20	007e3b29	10
007e3b30	007e3b39	10
007e3b40	007e3b49	10
007e3b50	007e3b59	10
007e3b60	007e3b69	10
007e3b70	007e3b79	10
007e3b80	007e3b89	10
007e3b90	007e3b99	10
007e3ba0	007e3ba9	10
007e3bb0	007e3bb9	10
007e3bc0	007e3bc9	10
007e3bd0	007e3bd9	10
007e3be0	007e3be9	10
007e3bf0	007e3bf9	10
007e3c00	007e3c09	10
007e3c10	007e3c19	10
007e3c20	007e3c29	10
007e3c30	007e3c39	10
007e3c40	007e3c49	10
007e3c50	007e3c59	10
007e3c60	007e3c69	10
007e3c70	007e3c79	10
007e3c80	007e3c89	10
007e3c90	007e3c99	10
007e3ca0	007e3ca9	10
007e3cb0	007e3cb9	10
007e3cc0	007e3cc9	10
007e3cd0	007e3cd9	10
007e3ce0	007e3ce9	10
007e3cf0	007e3cf9	10
007e3d00	007e3d09	10
007e3d10	007e3d19	10
007e3d20	007e3d29	10
007e3d30	007e3d39	10
007e3d40	007e3d49	10
007e3d50	007e3d59	10
007e3d60	007e3d69	10
007e3d70	007e3d79	10
007e3d80	007e3d89	10
007e3d90	007e3d99	10
007e3da0	007e3da9	10
007e3db0	007e3db9	10
007e3dc0	007e3dc9	10
007e3dd0	007e3dd9	10
007e3de0	007e3de9	10
007e3df0	007e3df9	10
007e3e00	007e3e09	10
007e3e10	007e3e19	10
007e3e20	007e3e29	10
007e3e30	007e3e39	10
007e3e40	007e3e49	10
007e3e50	007e3e59	10
007e3e60	007e3e69	10
007e3e70	007e3e79	10
007e3e80	007e3e89	10
007e3e90	007e3e99	10
007e3ea0	007e3ea9	10
007e3eb0	007e3eb9	10
007e3ec0	007e3ec9	10
007e3ed0	007e3ed9	10
007e3ee0	007e3ee9	10
007e3ef0	007e3ef9	10
007e3f00	007e3f09	10
007e3f10	007e3f19	10
007e3f20	007e3f29	10
007e3f30	007e3f39	10
007e3f40	007e3f49	10
007e3f50	007e3f59	10
007e3f60	007e3f69	10
007e3f70	007e3f79	10
007e3f80	007e3f89	10
007e3f90	007e3f99	10
007e3fa0	007e3fa9	10
007e3fb0	007e3fb9	10
007e3fc0	007e3fc9	10
007e3fd0	007e3fd9	10
007e3fe0	007e3fe9	10
007e3ff0	007e3ff9	10
007e4000	007e4009	10
007e4010	007e4019	10
007e4020	007e4029	10
007e4030	007e4039	10
007e4040	007e4049	10
007e4050	007e4059	10
007e4060	007e4069	10
007e4070	007e4079	10
007e4080	007e4089	10
007e4090	007e4099	10
007e40a0	007e40a9	10
007e40b0	007e40b9	10
007e40c0	007e40c9	10
007e40d0	007e40d9	10
007e40e0	007e40e9	10
007e40f0	007e40f9	10
007e4100	007e4109	10
007e4110	007e4119	10
007e4120	007e4129	10
007e4130	007e4139	10
007e4140	007e4149	10
007e4150	007e4159	10
007e4160	007e4169	10
007e4170	007e4179	10
007e4180	007e4189	10
007e4190	007e4199	10
007e41a0	007e41a9	10
007e41b0	007e41b9	10
007e41c0	007e41c9	10
007e41d0	007e41d9	10
007e41e0	007e41e9	10
007e41f0	007e41f9	10
007e4200	007e4209	10
007e4210	007e4219	10
007e4220	007e4229	10
007e4230	007e4239	10
007e4240	007e4249	10
007e4250	007e4259	10
007e4260	007e4269	10
007e4270	007e4279	10
007e4280	007e4289	10
007e4290	007e4299	10
007e42a0	007e42a9	10
007e42b0	007e42b9	10
007e42c0	007e42c9	10
007f6ac0	007f6aca	11
007f6ad0	007f6ada	11
007f6ae0	007f6aea	11
007f6af0	007f6afa	11
007f6b00	007f6b0a	11
007f6b10	007f6b1a	11
007f6b20	007f6b2a	11
007f6b30	007f6b3a	11
007f6b40	007f6b4a	11
007f6b50	007f6b5a	11
007f6b60	007f6b6a	11
007f6b70	007f6b7a	11
007f6b80	007f6b8a	11
007f6b90	007f6b9a	11
007f6ba0	007f6baa	11
007f6bb0	007f6bba	11
007f6bc0	007f6bca	11
007f6bd0	007f6bda	11
007f6be0	007f6bea	11
007f6bf0	007f6bfa	11
007f6c00	007f6c0a	11
007f6c10	007f6c1a	11
007f6c20	007f6c2a	11
007f6c30	007f6c3a	11
007f6c40	007f6c4a	11
007f6c50	007f6c5a	11
007f6c60	007f6c6a	11
007f6c70	007f6c7a	11
007f6c80	007f6c8a	11
007f6c90	007f6c9a	11
007f6ca0	007f6caa	11
007f6cb0	007f6cba	11
007f6cc0	007f6cca	11
007f6cd0	007f6cda	11
007f6ce0	007f6cea	11
007f6cf0	007f6cfa	11
007f6d00	007f6d13	20
007f6d17	007f6d2d	23
007f6d30	007f6d43	20
007f6d47	007f6d5d	23
007f6d60	007f6d73	20
007f6d77	007f6d8d	23
007f6d90	007f6da3	20
007f6da7	007f6dbd	23
007f6dc0	007f6dd3	20
007f6dd7	007f6ded	23
007f6df0	007f6e03	20
007f6e07	007f6e1d	23
007f6e20	007f6e33	20
007f6e37	007f6e4d	23
007f6e50	007f6e63	20
007f6e67	007f6e7d	23
007f6ee0	007f6ef3	20
007f6ef7	007f6f17	33
007f6f20	007f6f33	20
007f6f37	007f6f57	33
007f6f60	007f6f73	20
007f6f77	007f6f97	33
007f6fa0	007f6fb3	20
007f6fb7	007f6fd7	33
007f6fe0	007f6ff3	20
007f6ff7	007f7017	33
007f7020	007f7033	20
007f7037	007f7057	33
007f7060	007f7073	20
007f7077	007f7097	33
007f70a0	007f70b3	20
007f70b7	007f70d7	33
007f70e0	007f70f3	20
007f70f7	007f7117	33
007f7120	007f7133	20
007f7137	007f7157	33
007f7160	007f7169	10
007f7170	007f7179	10
007f7180	007f718e	15
007f7192	007f71b0	31
007f71c0	007f71c9	10
007f7240	007f724a	11
007f7250	007f7263	20
007f7267	007f727d	23
007f7280	007f7293	20
007f7297	007f72ad	23
007f72b0	007f72c3	20
007f72c7	007f72dd	23
007f72e0	007f72f3	20
007f72f7	007f7325	47
007f7329	007f7340	24
007f7350	007f7359	10
007f73a0	007f73b3	20
007f73b7	007f73cd	23
007f73d0	007f73da	11
007f73e0	007f73ea	11
007f73f0	007f73fa	11
007f7400	007f740a	11
007f7410	007f741a	11
007f7420	007f742a	11
007f7430	007f743a	11
007f7440	007f744a	11
007f7450	007f745a	11
007f7460	007f746a	11
007f7470	007f747a	11
007f7480	007f748a	11
007f7490	007f749a	11
007f74a0	007f74aa	11
007f74b0	007f74ba	11
007f74c0	007f74ca	11
007f74d0	007f74da	11
007f74e0	007f74ea	11
007f74f0	007f74fa	11
007f7500	007f750a	11
007f7510	007f751a	11
007f7520	007f752a	11
007f7530	007f753a	11
007f7540	007f754a	11
007f7550	007f755a	11
007f7560	007f756a	11
007f7570	007f757a	11
007f7580	007f758a	11
007f7590	007f759a	11
007f75a0	007f75aa	11
007f75b0	007f75ba	11
007f75c0	007f75ca	11
007f75d0	007f75da	11
007f75e0	007f75ea	11
007f75f0	007f75fa	11
007f7600	007f760a	11
007f7610	007f761a	11
007f7620	007f762a	11
007f7630	007f763a	11
007f7640	007f764a	11
007f7650	007f765a	11
007f7660	007f766a	11
007f7670	007f767a	11
007f7680	007f768a	11
007f7690	007f769a	11
007f76a0	007f76aa	11
007f76b0	007f76ba	11
007f76c0	007f76ca	11
007f76d0	007f76da	11
007f76e0	007f76ea	11
007f76f0	007f76fa	11
007f7700	007f770a	11
007f7710	007f771a	11
007f7720	007f772a	11
007f7730	007f773a	11
007f7740	007f774a	11
007f7750	007f775a	11
007f7760	007f776a	11
007f7770	007f777a	11
007f7780	007f778a	11
007f7790	007f779a	11
007f77a0	007f77aa	11
007f77b0	007f77ba	11
007f77c0	007f77ca	11
007f77d0	007f77da	11
007f77e0	007f77ea	11
007f77f0	007f77fa	11
007f7800	007f780a	11
007f7810	007f781a	11
007f7820	007f782a	11
007f7830	007f783a	11
007f7840	007f784a	11
007f7850	007f785a	11
007f7860	007f786a	11
007f7870	007f787a	11
007f7880	007f788a	11
007f7890	007f789a	11
007f78a0	007f78aa	11
007f78b0	007f78ba	11
007f78c0	007f78ca	11
007f78d0	007f78da	11
007f78e0	007f78ea	11
007f78f0	007f78fa	11
007f7900	007f790a	11
007f7910	007f791a	11
007f7920	007f792a	11
007f7930	007f793a	11
007f7940	007f794a	11
007f7950	007f795a	11
007f7960	007f796a	11
007f7970	007f797a	11
007f7980	007f798a	11
007f7990	007f799a	11
007f79a0	007f79aa	11
007f79b0	007f79ba	11
007f79c0	007f79ca	11
007f79d0	007f79da	11
007f79e0	007f79ea	11
007f79f0	007f79fa	11
007f7a00	007f7a0a	11
007f7a10	007f7a1a	11
007f7a20	007f7a2a	11
007f7a30	007f7a3a	11
007f7a40	007f7a4a	11
007f7a50	007f7a5a	11
007f7a60	007f7a6a	11
007f7a70	007f7a7a	11
007f7a80	007f7a8a	11
007f7a90	007f7a9a	11
007f7aa0	007f7aaa	11
007f7ab0	007f7aba	11
007f7ac0	007f7aca	11
007f7ad0	007f7ada	11
007f7ae0	007f7aea	11
007f7af0	007f7afa	11
007f7b00	007f7b0a	11
007f7b10	007f7b1a	11
007f7b20	007f7b2a	11
007f7b30	007f7b3a	11
007f7b40	007f7b4a	11
007f7b50	007f7b5a	11
007f7b60	007f7b6a	11
007f7b70	007f7b7a	11
007f7b80	007f7b8a	11
007f7b90	007f7b9a	11
007f7ba0	007f7baa	11
007f7bb0	007f7bba	11
007f7bc0	007f7bca	11
007f7bd0	007f7bda	11
007f7be0	007f7bea	11
007f7bf0	007f7bfa	11
007f7c00	007f7c0a	11
007f7c10	007f7c1a	11
007f7c20	007f7c2a	11
007f7c30	007f7c3a	11
007f7c40	007f7c4a	11
007f7c50	007f7c5a	11
007f7c60	007f7c6a	11
007f7c70	007f7c7a	11
007f7c80	007f7c8a	11
007f7c90	007f7c9a	11
007f7ca0	007f7caa	11
007f7cb0	007f7cba	11
007f7cc0	007f7cca	11
007f7cd0	007f7cda	11
007f7ce0	007f7cea	11
007f7cf0	007f7cfa	11
007f7d00	007f7d0a	11
007f7d10	007f7d1a	11
007f7d20	007f7d2a	11
007f7d30	007f7d3a	11
007f7d40	007f7d4a	11
007f7d50	007f7d5a	11
007f7d60	007f7d6a	11
007f7d70	007f7d7a	11
007f7d80	007f7d8a	11
007f7d90	007f7d9a	11
007f7da0	007f7daa	11
007f7db0	007f7dba	11
007f7dc0	007f7dca	11
007f7dd0	007f7dda	11
007f7de0	007f7dea	11
007f7df0	007f7dfa	11
007f7e00	007f7e0a	11
007f7e10	007f7e1a	11
007f7e20	007f7e2a	11
007f7e30	007f7e3a	11
007f7e40	007f7e4a	11
007f7e50	007f7e5a	11
007f7e60	007f7e6a	11
007f7e70	007f7e7a	11
007f7e80	007f7e8a	11
007f7e90	007f7e9a	11
007f7ea0	007f7eaa	11
007f7eb0	007f7eba	11
007f7ec0	007f7eca	11
007f7ed0	007f7eda	11
007f7ee0	007f7eea	11
007f7ef0	007f7efa	11
007f7f00	007f7f0a	11
007f7f10	007f7f1a	11
007f7f20	007f7f2a	11
007f7f30	007f7f3a	11
007f7f40	007f7f4a	11
007f7f50	007f7f5a	11
007f7f60	007f7f6a	11
007f7f70	007f7f7a	11
007f7f80	007f7f8a	11
007f7f90	007f7f9a	11
007f7fa0	007f7faa	11
007f7fb0	007f7fba	11
007f7fc0	007f7fca	11
007f7fd0	007f7fda	11
007f7fe0	007f7fea	11
007f7ff0	007f7ffa	11
007f8000	007f800a	11
007f8010	007f801a	11
007f8020	007f802a	11
007f8030	007f803a	11
007f8040	007f804a	11
007f8050	007f805a	11
007f8060	007f806a	11
007f8070	007f807a	11
007f8080	007f808a	11
007f8090	007f809a	11
007f80a0	007f80aa	11
007f80b0	007f80ba	11
007f80c0	007f80ca	11
007f80d0	007f80da	11
007f80e0	007f80ea	11
007f80f0	007f80fa	11
007f8100	007f810a	11
007f8110	007f811a	11
007f8120	007f812a	11
007f8130	007f813a	11
007f8140	007f814a	11
007f8150	007f815a	11
007f8160	007f816a	11
007f8170	007f817a	11
007f8180	007f818a	11
007f8190	007f819a	11
007f81a0	007f81aa	11
007f81b0	007f81ba	11
007f81c0	007f81ca	11
007f81d0	007f81da	11
007f81e0	007f81ea	11
007f81f0	007f81fa	11
007f8200	007f820a	11
007f8210	007f821a	11
007f8220	007f822a	11
007f8230	007f823a	11
007f8240	007f824a	11
007f8250	007f825a	11
007f8260	007f826a	11
007f8270	007f827a	11
007f8280	007f828a	11
007f8290	007f829a	11
007f82a0	007f82aa	11
007f82b0	007f82ba	11
007f82c0	007f82ca	11
007f82d0	007f82da	11
007f82e0	007f82ea	11
007f82f0	007f82fa	11
007f8300	007f830a	11
007f8310	007f831a	11
007f8320	007f832a	11
007f8330	007f833a	11
007f8340	007f834a	11
007f8350	007f835a	11
007f8360	007f836a	11
007f8370	007f837a	11
007f8380	007f838a	11
007f8390	007f839a	11
007f83a0	007f83aa	11
007f83b0	007f83ba	11
007f83c0	007f83ca	11
007f83d0	007f83da	11
007f83e0	007f83ea	11
007f83f0	007f8403	20
007f8407	007f841d	23
007f8420	007f8433	20
007f8437	007f844d	23
007f8450	007f8463	20
007f8467	007f847d	23
007f8480	007f8493	20
007f8497	007f84ad	23
007f84b0	007f84c3	20
007f84c7	007f84dd	23
007f84e0	007f84f3	20
007f84f7	007f850d	23
007f8510	007f8523	20
007f8527	007f853d	23
007f8540	007f8553	20
007f8557	007f856d	23
007f8570	007f8583	20
007f8587	007f859d	23
007f85a0	007f85b3	20
007f85b7	007f85cd	23
007f85d0	007f85e3	20
007f85e7	007f85fd	23
007f8600	007f8613	20
007f8617	007f862d	23
007f8630	007f8643	20
007f8647	007f865d	23
007f8660	007f8673	20
007f8677	007f868d	23
007f8690	007f86a3	20
007f86a7	007f86bd	23
007f86c0	007f86d3	20
007f86d7	007f86ed	23
007f86f0	007f8703	20
007f8707	007f871d	23
007f8720	007f8733	20
007f8737	007f874d	23
007f8750	007f8763	20
007f8767	007f877d	23
007f8780	007f8793	20
007f8797	007f87ad	23
007f87b0	007f87c3	20
007f87c7	007f87dd	23
007f87e0	007f87f3	20
007f87f7	007f880d	23
007f8810	007f8823	20
007f8827	007f883d	23
007f8840	007f8853	20
007f8857	007f886d	23
007f8870	007f8883	20
007f8887	007f889d	23
007f88a0	007f88b3	20
007f88b7	007f88cd	23
007f88d0	007f88e3	20
007f88e7	007f88fd	23
007f8900	007f8913	20
007f8917	007f892d	23
007f8930	007f8943	20
007f8947	007f895d	23
007f8960	007f8973	20
007f8977	007f898d	23
007f8990	007f89a3	20
007f89a7	007f89bd	23
007f89c0	007f89d3	20
007f89d7	007f89ed	23
007f89f0	007f8a03	20
007f8a07	007f8a1d	23
007f8a20	007f8a33	20
007f8a37	007f8a4d	23
007f8a50	007f8a63	20
007f8a67	007f8a7d	23
007f8a80	007f8a93	20
007f8a97	007f8aad	23
007f8ab0	007f8ac3	20
007f8ac7	007f8add	23
007f8ae0	007f8af3	20
007f8af7	007f8b0d	23
007f8b10	007f8b23	20
007f8b27	007f8b3d	23
007f8b40	007f8b53	20
007f8b57	007f8b6d	23
007f8b70	007f8b83	20
007f8b87	007f8b9d	23
007f8ba0	007f8bb3	20
007f8bb7	007f8bcd	23
007f8bd0	007f8be3	20
007f8be7	007f8bfd	23
007f8c00	007f8c13	20
007f8c17	007f8c2d	23
007f8c30	007f8c43	20
007f8c47	007f8c5d	23
007f8c60	007f8c73	20
007f8c77	007f8c8d	23
007f8c90	007f8ca3	20
007f8ca7	007f8cbd	23
007f8cc0	007f8cd3	20
007f8cd7	007f8ced	23
007f8cf0	007f8d03	20
007f8d07	007f8d1d	23
007f8d20	007f8d33	20
007f8d37	007f8d4d	23
007f8d50	007f8d63	20
007f8d67	007f8d7d	23
007f8d80	007f8d93	20
007f8d97	007f8dad	23
007f8db0	007f8dc3	20
007f8dc7	007f8ddd	23
007f8de0	007f8df3	20
007f8df7	007f8e0d	23
007f8e10	007f8e23	20
007f8e27	007f8e3d	23
007f8e40	007f8e53	20
007f8e57	007f8e6d	23
007f8e70	007f8e83	20
007f8e87	007f8e9d	23
007f8ea0	007f8eb3	20
007f8eb7	007f8ecd	23
007f8ed0	007f8ee3	20
007f8ee7	007f8efd	23
007f8f00	007f8f13	20
007f8f17	007f8f2d	23
007f8f30	007f8f43	20
007f8f47	007f8f5d	23
007f8f60	007f8f73	20
007f8f77	007f8f8d	23
007f8f90	007f8fa3	20
007f8fa7	007f8fbd	23
007f8fc0	007f8fd3	20
007f8fd7	007f8fed	23
007f8ff0	007f9003	20
007f9007	007f901d	23
007f9020	007f9033	20
007f9037	007f904d	23
007f9050	007f9063	20
007f9067	007f907d	23
007f9080	007f9093	20
007f9097	007f90ad	23
007f90b0	007f90c3	20
007f90c7	007f90dd	23
007f90e0	007f90f3	20
007f90f7	007f910d	23
007f9110	007f9123	20
007f9127	007f913d	23
007f9140	007f9153	20
007f9157	007f916d	23
007f9170	007f9183	20
007f9187	007f919d	23
007f91a0	007f91b3	20
007f91b7	007f91cd	23
007f91d0	007f91e3	20
007f91e7	007f91fd	23
007f9200	007f9213	20
007f9217	007f922d	23
007f9230	007f9243	20
007f9247	007f925d	23
007f9260	007f9273	20
007f9277	007f9297	33
007f92a0	007f92b3	20
007f92b7	007f92d7	33
007f92e0	007f92f3	20
007f92f7	007f9317	33
007f9320	007f9333	20
007f9337	007f9357	33
007f9360	007f9373	20
007f9377	007f9397	33
007f93a0	007f93b3	20
007f93b7	007f93d7	33
007f93e0	007f93f3	20
007f93f7	007f9417	33
007f9420	007f9433	20
007f9437	007f9457	33
007f9460	007f9473	20
007f9477	007f9497	33
007f94a0	007f94b3	20
007f94b7	007f94d7	33
007f94e0	007f94f3	20
007f94f7	007f9517	33
007f9520	007f9533	20
007f9537	007f9557	33
007f9560	007f9573	20
007f9577	007f9597	33
007f95a0	007f95b3	20
007f95b7	007f95d7	33
007f95e0	007f95f3	20
007f95f7	007f9617	33
007f9620	007f9633	20
007f9637	007f9657	33
007f9660	007f9669	10
007f9670	007f9683	20
007f9687	007f96a7	33
007f96b0	007f96c3	20
007f96c7	007f96e7	33
007f9750	007f9763	20
007f9767	007f977d	23
007f9780	007f9789	10
007f9790	007f9799	10
007f97a0	007f97aa	11
007f97b0	007f97ba	11
007f97c0	007f97ca	11
007f97d0	007f97da	11
007f97e0	007f97ea	11
007f97f0	007f97fa	11
007f9800	007f980a	11
007f9810	007f981a	11
007f9820	007f982a	11
007f9830	007f983a	11
007f9840	007f984a	11
007f9850	007f985a	11
007f9860	007f986a	11
007f9870	007f987a	11
007f9880	007f988a	11
007f9890	007f989a	11
007f98a0	007f98aa	11
007f98b0	007f98ba	11
007f98c0	007f98ca	11
007f98d0	007f98da	11
007f98e0	007f98ea	11
007f98f0	007f98fa	11
007f9900	007f990a	11
007f9910	007f991a	11
007f9920	007f9933	20
007f9937	007f994d	23
007f9950	007f9963	20
007f9967	007f997d	23
007f9980	007f9993	20
007f9997	007f99ad	23
007f99b0	007f99c3	20
007f99c7	007f99dd	23
007f99e0	007f99f3	20
007f99f7	007f9a0d	23
007f9a10	007f9a23	20
007f9a27	007f9a3d	23
007f9a40	007f9a53	20
007f9a57	007f9a6d	23
007f9a70	007f9a83	20
007f9a87	007f9a9d	23
007f9aa0	007f9ab3	20
007f9ab7	007f9acd	23
007f9ad0	007f9ae3	20
007f9ae7	007f9afd	23
007f9b00	007f9b13	20
007f9b17	007f9b2d	23
007f9b30	007f9b43	20
007f9b47	007f9b5d	23
007f9b60	007f9b73	20
007f9b77	007f9b8d	23
007f9b90	007f9ba3	20
007f9ba7	007f9bbd	23
007f9bc0	007f9bd3	20
007f9bd7	007f9bed	23
007f9bf0	007f9c03	20
007f9c07	007f9c1d	23
007f9c20	007f9c33	20
007f9c37	007f9c4d	23
007f9c50	007f9c63	20
007f9c67	007f9c7d	23
007f9c80	007f9c93	20
007f9c97	007f9cad	23
007f9cb0	007f9cc3	20
007f9cc7	007f9cdd	23
007f9ce0	007f9cf3	20
007f9cf7	007f9d0d	23
007f9d10	007f9d23	20
007f9d27	007f9d3d	23
007f9d40	007f9d53	20
007f9d57	007f9d6d	23
007f9dd0	007f9dda	11
007f9de0	007f9dea	11
007f9df0	007f9dfa	11
007f9e00	007f9e0a	11
007f9e10	007f9e1a	11
007f9e20	007f9e2a	11
007f9e30	007f9e3a	11
007f9e40	007f9e4a	11
007f9e50	007f9e5a	11
007f9e60	007f9e6a	11
007f9e70	007f9e7a	11
007f9e80	007f9e8a	11
007f9e90	007f9e9a	11
007f9ea0	007f9eaa	11
007f9eb0	007f9ec3	20
007f9ec7	007f9edd	23
007f9ee0	007f9ef3	20
007f9ef7	007f9f0d	23
007f9f70	007f9f7a	11
007f9f80	007f9f8a	11
007f9f90	007f9f9a	11
007f9fa0	007f9faa	11
007f9fb0	007f9fba	11
007f9fc0	007f9fca	11
007f9fd0	007f9fda	11
007f9fe0	007f9fea	11
007fa050	007fa05a	11
007fa060	007fa06a	11
007fa070	007fa07a	11
007fa080	007fa08a	11
007fa090	007fa09a	11
007fa0a0	007fa0aa	11
007fa0b0	007fa0ba	11
007fa0c0	007fa0ca	11
007fa0d0	007fa0da	11
007fa0e0	007fa0ea	11
007fa0f0	007fa0fa	11
007fa100	007fa10a	11
007fa110	007fa11a	11
007fa120	007fa12a	11
007fa130	007fa13a	11
007fa140	007fa14a	11
007fa150	007fa15a	11
007fa160	007fa16a	11
007fa170	007fa17a	11
007fa180	007fa18a	11
007fa190	007fa19a	11
007fa1a0	007fa1aa	11
007fa1b0	007fa1ba	11
007fa1c0	007fa1ca	11
007fa1d0	007fa1e3	20
007fa1e7	007fa1fd	23
007fa260	007fa273	20
007fa277	007fa297	33
007fa2a0	007fa2b3	20
007fa2b7	007fa2d7	33
007fa2e0	007fa2f3	20
007fa2f7	007fa317	33
007fa320	007fa333	20
007fa337	007fa357	33
007fa360	007fa3b4	85
007fa400	007fa413	20
007fa417	007fa42d	23
007fa430	007fa43e	15
007fa442	007fa460	31
007fa550	007fa563	20
007fa567	007fa57d	23
007fa580	007fa58a	11
007fa590	007fa59a	11
007fa5a0	007fa5aa	11
007fa5b0	007fa5ba	11
007fa5c0	007fa5ca	11
007fa5d0	007fa5da	11
007fa5e0	007fa5ea	11
007fa5f0	007fa5fa	11
007fa600	007fa60a	11
007fa610	007fa61a	11
007fa620	007fa62a	11
007fa630	007fa63a	11
007fa640	007fa64a	11
007fa650	007fa65a	11
007fa660	007fa66a	11
007fa670	007fa67a	11
007fa680	007fa68a	11
007fa690	007fa69a	11
007fa6a0	007fa6aa	11
007fa6b0	007fa6ba	11
007fa6c0	007fa6ca	11
007fa6d0	007fa6da	11
007fa6e0	007fa6ea	11
007fa6f0	007fa6fa	11
007fa700	007fa70a	11
007fa710	007fa71a	11
007fa720	007fa72a	11
007fa730	007fa73a	11
007fa740	007fa74a	11
007fa750	007fa75a	11
007fa760	007fa76a	11
007fa770	007fa77a	11
007fa780	007fa78a	11
007fa790	007fa79a	11
007fa7a0	007fa7aa	11
007fa7b0	007fa7c3	20
007fa7c7	007fa7dd	23
007fa7e0	007fa7f3	20
007fa7f7	007fa80d	23
007fa810	007fa823	20
007fa827	007fa83d	23
007fa840	007fa853	20
007fa857	007fa86d	23
007fa870	007fa883	20
007fa887	007fa89d	23
007fa900	007fa913	20
007fa917	007fa937	33
007fa940	007fa953	20
007fa957	007fa977	33
007fa980	007fa993	20
007fa997	007fa9b7	33
007fa9c0	007fa9d3	20
007fa9d7	007fa9f7	33
007faa00	007faa13	20
007faa17	007faa37	33
007faa40	007faa53	20
007faa57	007faa77	33
007faa80	007faa93	20
007faa97	007faab7	33
007faac0	007faad3	20
007faad7	007faaf7	33
007fab00	007fab13	20
007fab17	007fab37	33
007fab40	007fab4a	11
007fabb0	007fabba	11
007fabc0	007fabca	11
007fabd0	007fabda	11
007fabe0	007fabea	11
007fabf0	007fabfa	11
007fac00	007fac0a	11
007fac10	007fac1a	11
007fac20	007fac2a	11
007fac30	007fac3a	11
007fac40	007fac4a	11
007fac50	007fac5a	11
007fac60	007fac6a	11
007fac70	007fac7a	11
007fac80	007fac8a	11
007fac90	007fac9a	11
007faca0	007facaa	11
007facb0	007facba	11
007facc0	007facca	11
007facd0	007facda	11
007face0	007facea	11
007facf0	007facfa	11
007fad00	007fad0a	11
007fad10	007fad1a	11
007fad20	007fad2a	11
007fad30	007fad3a	11
007fad40	007fad4a	11
007fad50	007fad5a	11
007fad60	007fad6a	11
007fad70	007fad7a	11
007fad80	007fad8a	11
007fad90	007fad9a	11
007fada0	007fadaa	11
007fadb0	007fadba	11
007fadc0	007fadca	11
007fadd0	007fadda	11
007fade0	007fadea	11
007fadf0	007fadfa	11
007fae00	007fae0a	11
007fae10	007fae1a	11
007fae20	007fae2a	11
007fae30	007fae3a	11
007fae40	007fae4a	11
007fae50	007fae5a	11
007fae60	007fae6a	11
007fae70	007fae7a	11
007fae80	007fae8a	11
007fae90	007fae9a	11
007faea0	007faeaa	11
007faeb0	007faeba	11
007faec0	007faeca	11
007faed0	007faeda	11
007faee0	007faeea	11
007faef0	007faefa	11
007faf00	007faf0a	11
007faf10	007faf1a	11
007faf20	007faf2a	11
007faf30	007faf3a	11
007faf40	007faf4a	11
007faf50	007faf5a	11
007faf60	007faf6a	11
007faf70	007faf7a	11
007faf80	007faf8a	11
007faf90	007faf9a	11
007fafa0	007fafaa	11
007fafb0	007fafba	11
007fafc0	007fafd3	20
007fafd7	007fafed	23
007faff0	007fb003	20
007fb007	007fb01d	23
007fb020	007fb033	20
007fb037	007fb04d	23
007fb050	007fb063	20
007fb067	007fb07d	23
007fb0e0	007fb0f3	20
007fb0f7	007fb117	33
007fb120	007fb133	20
007fb137	007fb157	33
007fb160	007fb173	20
007fb177	007fb197	33
007fb1a0	007fb1b3	20
007fb1b7	007fb1d7	33
007fb1e0	007fb1ea	11
007fb1f0	007fb1fa	11
007fb200	007fb20a	11
007fb210	007fb21a	11
007fb220	007fb22a	11
007fb230	007fb23a	11
007fb240	007fb24a	11
007fb250	007fb25a	11
007fb260	007fb26a	11
007fb270	007fb27a	11
007fb280	007fb28a	11
007fb290	007fb29a	11
007fb2a0	007fb2aa	11
007fb2b0	007fb2ba	11
007fb2c0	007fb2ca	11
007fb2d0	007fb2da	11
007fb2e0	007fb2ea	11
007fb2f0	007fb2fa	11
007fb300	007fb30a	11
007fb310	007fb31a	11
007fb320	007fb32a	11
007fb330	007fb33a	11
007fb340	007fb34a	11
007fb350	007fb35a	11
007fb360	007fb36a	11
007fb370	007fb37a	11
007fb380	007fb38a	11
007fb390	007fb39a	11
007fb3a0	007fb3aa	11
007fb3b0	007fb3ba	11
007fb3c0	007fb3ca	11
007fb3d0	007fb3da	11
007fb3e0	007fb3ea	11
007fb3f0	007fb3fa	11
007fb400	007fb40a	11
007fb410	007fb41a	11
007fb420	007fb42a	11
007fb430	007fb43a	11
007fb440	007fb44a	11
007fb450	007fb45a	11
007fb460	007fb46a	11
007fb470	007fb47a	11
007fb480	007fb48a	11
007fb490	007fb49a	11
007fb4a0	007fb4aa	11
007fb4b0	007fb4ba	11
007fb4c0	007fb4ca	11
007fb4d0	007fb4da	11
007fb4e0	007fb4ea	11
007fb4f0	007fb4fa	11
007fb500	007fb50a	11
007fb510	007fb51a	11
007fb520	007fb52a	11
007fb530	007fb53a	11
007fb540	007fb54a	11
007fb550	007fb55a	11
007fb560	007fb56a	11
007fb570	007fb57a	11
007fb580	007fb58a	11
007fb590	007fb59a	11
007fb5a0	007fb5aa	11
007fb5b0	007fb5ba	11
007fb5c0	007fb5ca	11
007fb5d0	007fb5da	11
007fb5e0	007fb5ea	11
007fb5f0	007fb5fa	11
007fb600	007fb60a	11
007fb610	007fb61a	11
007fb620	007fb62a	11
007fb630	007fb63a	11
007fb640	007fb64a	11
007fb650	007fb65a	11
007fb660	007fb66a	11
007fb670	007fb67a	11
007fb680	007fb68a	11
007fb690	007fb69a	11
007fb6a0	007fb6aa	11
007fb6b0	007fb6ba	11
007fb6c0	007fb6ca	11
007fb6d0	007fb6da	11
007fb6e0	007fb6ea	11
007fb6f0	007fb6fa	11
007fb700	007fb70a	11
007fb710	007fb71a	11
007fb720	007fb72a	11
007fb730	007fb73a	11
007fb740	007fb74a	11
007fb750	007fb75a	11
007fb760	007fb76a	11
007fb770	007fb77a	11
007fb780	007fb78a	11
007fb790	007fb79a	11
007fb7a0	007fb7aa	11
007fb7b0	007fb7ba	11
007fb7c0	007fb7ca	11
007fb7d0	007fb7da	11
007fb7e0	007fb7ea	11
007fb7f0	007fb7fa	11
007fb800	007fb80a	11
007fb810	007fb81a	11
007fb820	007fb82a	11
007fb830	007fb83a	11
007fb840	007fb84a	11
007fb850	007fb85a	11
007fb860	007fb86a	11
007fb870	007fb87a	11
007fb880	007fb88a	11
007fb890	007fb89a	11
007fb8a0	007fb8aa	11
007fb8b0	007fb8ba	11
007fb8c0	007fb8ca	11
007fb8d0	007fb8da	11
007fb8e0	007fb8ea	11
007fb8f0	007fb8fa	11
007fb900	007fb90a	11
007fb910	007fb91a	11
007fb920	007fb92a	11
007fb930	007fb93a	11
007fb940	007fb94a	11
007fb950	007fb95a	11
007fb960	007fb973	20
007fb977	007fb98d	23
007fb990	007fb9a3	20
007fb9a7	007fb9bd	23
007fb9c0	007fb9d3	20
007fb9d7	007fb9ed	23
007fb9f0	007fba03	20
007fba07	007fba1d	23
007fba20	007fba33	20
007fba37	007fba4d	23
007fba50	007fba63	20
007fba67	007fba7d	23
007fba80	007fba93	20
007fba97	007fbaad	23
007fbb10	007fbb23	20
007fbb27	007fbb47	33
007fbb50	007fbb63	20
007fbb67	007fbb87	33
007fbb90	007fbba3	20
007fbba7	007fbbc7	33
007fbbd0	007fbbda	11
007fbc40	007fbc53	20
007fbc57	007fbc77	33
007fbc80	007fbc8a	11
007fbc90	007fbc9a	11
007fbca0	007fbcaa	11
007fbcb0	007fbcba	11
007fbcc0	007fbcca	11
007fbcd0	007fbcda	11
007fbce0	007fbcea	11
007fbcf0	007fbcfa	11
007fbd00	007fbd13	20
007fbd17	007fbd2d	23
007fbd30	007fbd43	20
007fbd47	007fbd5d	23
007fbdc0	007fbdca	11
007fbdd0	007fbdda	11
007fbde0	007fbdea	11
007fbdf0	007fbdfa	11
007fbe00	007fbe0a	11
007fbe10	007fbe1a	11
007fbe20	007fbe2a	11
007fbe30	007fbe3a	11
007fbe40	007fbe4a	11
007fbe50	007fbe5a	11
007fbe60	007fbe6a	11
007fbe70	007fbe7a	11
007fbe80	007fbe8a	11
007fbe90	007fbe9a	11
007fbea0	007fbeaa	11
007fbeb0	007fbeba	11
007fbec0	007fbeca	11
007fbed0	007fbeda	11
007fbee0	007fbeea	11
007fbef0	007fbefa	11
007fbf00	007fbf0a	11
007fbf10	007fbf1a	11
007fbf20	007fbf2a	11
007fbf30	007fbf3a	11
007fbf40	007fbf4a	11
007fbf50	007fbf5a	11
007fbf60	007fbf6a	11
007fbf70	007fbf7a	11
007fbf80	007fbf8a	11
007fbf90	007fbf9a	11
007fbfa0	007fbfaa	11
007fbfb0	007fbfba	11
007fbfc0	007fbfca	11
007fbfd0	007fbfda	11
007fbfe0	007fbfea	11
007fbff0	007fbffa	11
007fc000	007fc00a	11
007fc010	007fc01a	11
007fc020	007fc02a	11
007fc030	007fc03a	11
007fc040	007fc04a	11
007fc050	007fc05a	11
007fc060	007fc06a	11
007fc070	007fc07a	11
007fc080	007fc08a	11
007fc090	007fc09a	11
007fc0a0	007fc0aa	11
007fc0b0	007fc0ba	11
007fc0c0	007fc0ca	11
007fc0d0	007fc0da	11
007fc0e0	007fc0ea	11
007fc0f0	007fc0fa	11
007fc100	007fc10a	11
007fc110	007fc11a	11
007fc120	007fc12a	11
007fc130	007fc13a	11
007fc140	007fc14a	11
007fc150	007fc15a	11
007fc160	007fc16a	11
007fc170	007fc17a	11
007fc180	007fc18a	11
007fc190	007fc19a	11
007fc1a0	007fc1aa	11
007fc1b0	007fc1ba	11
007fc1c0	007fc1ca	11
007fc1d0	007fc1da	11
007fc1e0	007fc1ea	11
007fc1f0	007fc1fa	11
007fc200	007fc20a	11
007fc210	007fc21a	11
007fc220	007fc22a	11
007fc230	007fc23a	11
007fc240	007fc24a	11
007fc250	007fc25a	11
007fc260	007fc26a	11
007fc270	007fc27a	11
007fc280	007fc28a	11
007fc290	007fc29a	11
007fc2a0	007fc2aa	11
007fc2b0	007fc2ba	11
007fc2c0	007fc2ca	11
007fc2d0	007fc2da	11
007fc2e0	007fc2ea	11
007fc2f0	007fc2fa	11
007fc300	007fc30a	11
007fc310	007fc31a	11
007fc320	007fc32a	11
007fc330	007fc33a	11
007fc340	007fc34a	11
007fc350	007fc35a	11
007fc360	007fc36a	11
007fc370	007fc37a	11
007fc380	007fc38a	11
007fc390	007fc39a	11
007fc3a0	007fc3aa	11
007fc3b0	007fc3ba	11
007fc3c0	007fc3ca	11
007fc3d0	007fc3da	11
007fc3e0	007fc3ea	11
007fc3f0	007fc3fa	11
007fc400	007fc40a	11
007fc410	007fc41a	11
007fc420	007fc42a	11
007fc430	007fc43a	11
007fc440	007fc44a	11
007fc450	007fc45a	11
007fc460	007fc46a	11
007fc470	007fc47a	11
007fc480	007fc48a	11
007fc490	007fc49a	11
007fc4a0	007fc4aa	11
007fc4b0	007fc4ba	11
007fc4c0	007fc4ca	11
007fc4d0	007fc4da	11
007fc4e0	007fc4ea	11
007fc4f0	007fc4fa	11
007fc500	007fc50a	11
007fc510	007fc51a	11
007fc520	007fc52a	11
007fc530	007fc53a	11
007fc540	007fc54a	11
007fc550	007fc55a	11
007fc560	007fc56a	11
007fc570	007fc57a	11
007fc580	007fc58a	11
007fc590	007fc59a	11
007fc5a0	007fc5aa	11
007fc5b0	007fc5ba	11
007fc5c0	007fc5ca	11
007fc5d0	007fc5da	11
007fc5e0	007fc5ea	11
007fc5f0	007fc5fa	11
007fc600	007fc60a	11
007fc610	007fc61a	11
007fc620	007fc62a	11
007fc630	007fc63a	11
007fc640	007fc64a	11
007fc650	007fc65a	11
007fc660	007fc66a	11
007fc670	007fc67a	11
007fc680	007fc68a	11
007fc690	007fc69a	11
007fc6a0	007fc6aa	11
007fc6b0	007fc6ba	11
007fc6c0	007fc6ca	11
007fc6d0	007fc6da	11
007fc6e0	007fc6ea	11
007fc6f0	007fc6fa	11
007fc700	007fc70a	11
007fc710	007fc71a	11
007fc720	007fc72a	11
007fc730	007fc73a	11
007fc740	007fc74a	11
007fc750	007fc75a	11
007fc760	007fc76a	11
007fc770	007fc77a	11
007fc780	007fc78a	11
007fc790	007fc79a	11
007fc7a0	007fc7aa	11
007fc7b0	007fc7ba	11
007fc7c0	007fc7ca	11
007fc7d0	007fc7da	11
007fc7e0	007fc7ea	11
007fc7f0	007fc7fa	11
007fc800	007fc80a	11
007fc810	007fc81a	11
007fc820	007fc82a	11
007fc830	007fc83a	11
007fc840	007fc84a	11
007fc850	007fc85a	11
007fc860	007fc86a	11
007fc870	007fc87a	11
007fc880	007fc88a	11
007fc890	007fc89a	11
007fc8a0	007fc8aa	11
007fc8b0	007fc8ba	11
007fc8c0	007fc8ca	11
007fc8d0	007fc8da	11
007fc8e0	007fc8ea	11
007fc8f0	007fc8fa	11
007fc900	007fc90a	11
007fc910	007fc91a	11
007fc920	007fc92a	11
007fc930	007fc93a	11
007fc940	007fc94a	11
007fc950	007fc95a	11
007fc960	007fc96a	11
007fc970	007fc97a	11
007fc980	007fc98a	11
007fc990	007fc99a	11
007fc9a0	007fc9aa	11
007fc9b0	007fc9ba	11
007fc9c0	007fc9ca	11
007fc9d0	007fc9da	11
007fc9e0	007fc9ea	11
007fc9f0	007fc9fa	11
007fca00	007fca0a	11
007fca10	007fca1a	11
007fca20	007fca2a	11
007fca30	007fca3a	11
007fca40	007fca4a	11
007fca50	007fca5a	11
007fca60	007fca6a	11
007fca70	007fca7a	11
007fca80	007fca8a	11
007fca90	007fca9a	11
007fcaa0	007fcaaa	11
007fcab0	007fcaba	11
007fcac0	007fcaca	11
007fcad0	007fcada	11
007fcae0	007fcaea	11
007fcaf0	007fcafa	11
007fcb00	007fcb0a	11
007fcb10	007fcb1a	11
007fcb20	007fcb2a	11
007fcb30	007fcb3a	11
007fcb40	007fcb4a	11
007fcb50	007fcb5a	11
007fcb60	007fcb6a	11
007fcb70	007fcb7a	11
007fcb80	007fcb8a	11
007fcb90	007fcb9a	11
007fcba0	007fcbaa	11
007fcbb0	007fcbba	11
007fcbc0	007fcbca	11
007fcbd0	007fcbda	11
007fcbe0	007fcbea	11
007fcbf0	007fcbfa	11
007fcc00	007fcc0a	11
007fcc10	007fcc1a	11
007fcc20	007fcc2a	11
007fcc30	007fcc3a	11
007fcc40	007fcc4a	11
007fcc50	007fcc5a	11
007fcc60	007fcc6a	11
007fcc70	007fcc7a	11
007fcc80	007fcc8a	11
007fcc90	007fcc9a	11
007fcca0	007fccaa	11
007fccb0	007fccba	11
007fccc0	007fccca	11
007fccd0	007fccda	11
007fcce0	007fccea	11
007fccf0	007fccfa	11
007fcd00	007fcd0a	11
007fcd10	007fcd1a	11
007fcd20	007fcd2a	11
007fcd30	007fcd3a	11
007fcd40	007fcd4a	11
007fcd50	007fcd5a	11
007fcd60	007fcd6a	11
007fcd70	007fcd7a	11
007fcd80	007fcd8a	11
007fcd90	007fcd9a	11
007fcda0	007fcdaa	11
007fcdb0	007fcdba	11
007fcdc0	007fcdca	11
007fcdd0	007fcdda	11
007fcde0	007fcdea	11
007fcdf0	007fcdfa	11
007fce00	007fce0a	11
007fce10	007fce1a	11
007fce20	007fce2a	11
007fce30	007fce3a	11
007fce40	007fce4a	11
007fce50	007fce5a	11
007fce60	007fce6a	11
007fce70	007fce7a	11
007fce80	007fce8a	11
007fce90	007fce9a	11
007fcea0	007fceaa	11
007fceb0	007fceba	11
007fcec0	007fceca	11
007fced0	007fceda	11
007fcee0	007fceea	11
007fcef0	007fcefa	11
007fcf00	007fcf0a	11
007fcf10	007fcf1a	11
007fcf20	007fcf2a	11
007fcf30	007fcf3a	11
007fcf40	007fcf4a	11
007fcf50	007fcf5a	11
007fcf60	007fcf6a	11
007fcf70	007fcf7a	11
007fcf80	007fcf8a	11
007fcf90	007fcf9a	11
007fcfa0	007fcfaa	11
007fcfb0	007fcfba	11
007fcfc0	007fcfca	11
007fcfd0	007fcfda	11
007fcfe0	007fcfea	11
007fcff0	007fcffa	11
007fd000	007fd00a	11
007fd010	007fd01a	11
007fd020	007fd02a	11
007fd030	007fd03a	11
007fd040	007fd04a	11
007fd050	007fd05a	11
007fd060	007fd06a	11
007fd070	007fd07a	11
007fd080	007fd08a	11
007fd090	007fd09a	11
007fd0a0	007fd0aa	11
007fd0b0	007fd0ba	11
007fd0c0	007fd0ca	11
007fd0d0	007fd0da	11
007fd0e0	007fd0ea	11
007fd0f0	007fd0fa	11
007fd100	007fd10a	11
007fd110	007fd11a	11
007fd120	007fd12a	11
007fd130	007fd13a	11
007fd140	007fd14a	11
007fd150	007fd15a	11
007fd160	007fd16a	11
007fd170	007fd17a	11
007fd180	007fd18a	11
007fd190	007fd19a	11
007fd1a0	007fd1aa	11
007fd1b0	007fd1ba	11
007fd1c0	007fd1ca	11
007fd1d0	007fd1da	11
007fd1e0	007fd1ea	11
007fd1f0	007fd1fa	11
007fd200	007fd20a	11
007fd210	007fd21a	11
007fd220	007fd22a	11
007fd230	007fd23a	11
007fd240	007fd24a	11
007fd250	007fd25a	11
007fd260	007fd26a	11
007fd270	007fd27a	11
007fd280	007fd28a	11
007fd290	007fd29a	11
007fd2a0	007fd2aa	11
007fd2b0	007fd2ba	11
007fd2c0	007fd2ca	11
007fd2d0	007fd2da	11
007fd2e0	007fd2ea	11
007fd2f0	007fd2fa	11
007fd300	007fd30a	11
007fd310	007fd31a	11
007fd320	007fd32a	11
007fd330	007fd33a	11
007fd340	007fd34a	11
007fd350	007fd35a	11
007fd360	007fd36a	11
007fd370	007fd37a	11
007fd380	007fd38a	11
007fd390	007fd39a	11
007fd3a0	007fd3aa	11
007fd3b0	007fd3ba	11
007fd3c0	007fd3ca	11
007fd3d0	007fd3da	11
007fd3e0	007fd3ea	11
007fd3f0	007fd403	20
007fd407	007fd41d	23
007fd420	007fd433	20
007fd437	007fd44d	23
007fd450	007fd463	20
007fd467	007fd47d	23
007fd480	007fd493	20
007fd497	007fd4ad	23
007fd4b0	007fd4c3	20
007fd4c7	007fd4dd	23
007fd4e0	007fd4f3	20
007fd4f7	007fd50d	23
007fd510	007fd523	20
007fd527	007fd53d	23
007fd540	007fd553	20
007fd557	007fd56d	23
007fd570	007fd583	20
007fd587	007fd59d	23
007fd5a0	007fd5b3	20
007fd5b7	007fd5cd	23
007fd5d0	007fd5e3	20
007fd5e7	007fd5fd	23
007fd600	007fd613	20
007fd617	007fd62d	23
007fd630	007fd643	20
007fd647	007fd65d	23
007fd660	007fd673	20
007fd677	007fd68d	23
007fd690	007fd6a3	20
007fd6a7	007fd6bd	23
007fd6c0	007fd6d3	20
007fd6d7	007fd6ed	23
007fd6f0	007fd703	20
007fd707	007fd71d	23
007fd720	007fd733	20
007fd737	007fd74d	23
007fd750	007fd763	20
007fd767	007fd77d	23
007fd780	007fd793	20
007fd797	007fd7ad	23
007fd7b0	007fd7c3	20
007fd7c7	007fd7dd	23
007fd7e0	007fd7f3	20
007fd7f7	007fd80d	23
007fd810	007fd823	20
007fd827	007fd83d	23
007fd840	007fd853	20
007fd857	007fd86d	23
007fd870	007fd883	20
007fd887	007fd89d	23
007fd8a0	007fd8b3	20
007fd8b7	007fd8cd	23
007fd8d0	007fd8e3	20
007fd8e7	007fd8fd	23
007fd900	007fd913	20
007fd917	007fd92d	23
007fd930	007fd943	20
007fd947	007fd95d	23
007fd960	007fd973	20
007fd977	007fd98d	23
007fd990	007fd9a3	20
007fd9a7	007fd9bd	23
007fd9c0	007fd9d3	20
007fd9d7	007fd9ed	23
007fd9f0	007fda03	20
007fda07	007fda1d	23
007fda20	007fda33	20
007fda37	007fda4d	23
007fda50	007fda63	20
007fda67	007fda7d	23
007fda80	007fda93	20
007fda97	007fdaad	23
007fdab0	007fdac3	20
007fdac7	007fdadd	23
007fdae0	007fdaf3	20
007fdaf7	007fdb0d	23
007fdb10	007fdb23	20
007fdb27	007fdb3d	23
007fdb40	007fdb53	20
007fdb57	007fdb6d	23
007fdb70	007fdb83	20
007fdb87	007fdb9d	23
007fdba0	007fdbb3	20
007fdbb7	007fdbcd	23
007fdbd0	007fdbe3	20
007fdbe7	007fdbfd	23
007fdc00	007fdc13	20
007fdc17	007fdc2d	23
007fdc30	007fdc43	20
007fdc47	007fdc5d	23
007fdc60	007fdc73	20
007fdc77	007fdc8d	23
007fdc90	007fdca3	20
007fdca7	007fdcbd	23
007fdcc0	007fdcd3	20
007fdcd7	007fdced	23
007fdcf0	007fdd03	20
007fdd07	007fdd1d	23
007fdd20	007fdd33	20
007fdd37	007fdd4d	23
007fdd50	007fdd63	20
007fdd67	007fdd7d	23
007fdd80	007fdd93	20
007fdd97	007fddad	23
007fddb0	007fddc3	20
007fddc7	007fdddd	23
007fdde0	007fddf3	20
007fddf7	007fde0d	23
007fde10	007fde23	20
007fde27	007fde3d	23
007fde40	007fde53	20
007fde57	007fde6d	23
007fde70	007fde83	20
007fde87	007fde9d	23
007fdea0	007fdeb3	20
007fdeb7	007fdecd	23
007fded0	007fdee3	20
007fdee7	007fdefd	23
007fdf00	007fdf13	20
007fdf17	007fdf2d	23
007fdf30	007fdf43	20
007fdf47	007fdf5d	23
007fdf60	007fdf73	20
007fdf77	007fdf8d	23
007fdf90	007fdfa3	20
007fdfa7	007fdfbd	23
007fdfc0	007fdfd3	20
007fdfd7	007fdfed	23
007fdff7	007fe003	13
007fe007	007fe01d	23
007fe080	007fe093	20
007fe097	007fe0b7	33
007fe0c0	007fe0d3	20
007fe0d7	007fe0f7	33
007fe100	007fe113	20
007fe117	007fe137	33
007fe140	007fe153	20
007fe157	007fe177	33
007fe180	007fe193	20
007fe197	007fe1b7	33
007fe1c0	007fe1d3	20
007fe1d7	007fe1f7	33
007fe200	007fe213	20
007fe217	007fe237	33
007fe240	007fe253	20
007fe257	007fe277	33
007fe280	007fe293	20
007fe297	007fe2b7	33
007fe2c0	007fe2d3	20
007fe2d7	007fe2f7	33
007fe300	007fe313	20
007fe317	007fe337	33
007fe340	007fe353	20
007fe357	007fe377	33
007fe380	007fe393	20
007fe397	007fe3b7	33
007fe3c0	007fe3d3	20
007fe3d7	007fe3f7	33
007fe400	007fe413	20
007fe417	007fe437	33
007fe440	007fe453	20
007fe457	007fe477	33
007fe480	007fe493	20
007fe497	007fe4b7	33
007fe4c0	007fe4d3	20
007fe4d7	007fe4f7	33
007fe500	007fe513	20
007fe517	007fe537	33
007fe540	007fe553	20
007fe557	007fe577	33
007fe580	007fe593	20
007fe597	007fe5b7	33
007fe5c0	007fe5d3	20
007fe5d7	007fe5f7	33
007fe600	007fe613	20
007fe617	007fe637	33
007fe640	007fe653	20
007fe657	007fe677	33
007fe680	007fe693	20
007fe697	007fe6b7	33
007fe6c0	007fe6d3	20
007fe6d7	007fe6f7	33
007fe700	007fe713	20
007fe717	007fe737	33
007fe740	007fe753	20
007fe757	007fe777	33
007fe7e0	007fe7ea	11
007fe7f0	007fe7fa	11
007fe800	007fe80a	11
007fe810	007fe81a	11
007fe820	007fe82a	11
007fe830	007fe83a	11
007fe840	007fe84a	11
007fe850	007fe85a	11
007fe860	007fe86a	11
007fe870	007fe87a	11
007fe880	007fe88a	11
007fe890	007fe89a	11
007fe8a0	007fe8aa	11
007fe8b0	007fe8ba	11
007fe8c0	007fe8ca	11
007fe8d0	007fe8da	11
007fe8e0	007fe8ea	11
007fe8f0	007fe8fa	11
007fe900	007fe90a	11
007fe910	007fe91a	11
007fe920	007fe92a	11
007fe930	007fe943	20
007fe947	007fe95d	23
007fe960	007fe973	20
007fe977	007fe98d	23
007fe990	007fe9a3	20
007fe9a7	007fe9bd	23
007fe9c0	007fe9d3	20
007fe9d7	007fe9ed	23
007fe9f0	007fea03	20
007fea07	007fea1d	23
007fea20	007fea33	20
007fea37	007fea57	33
007fea60	007fea73	20
007fea77	007fea97	33
007feaa0	007feab3	20
007feab7	007fead7	33
007feae0	007feaf3	20
007feaf7	007feb17	33
007feb80	007feb8a	11
007feb90	007feb9a	11
007fed10	007fed1e	15
007fed22	007fed40	31
007fed50	007fed5e	15
007fed62	007fed80	31
007fedf0	007fedfe	15
007fee02	007fee20	31
007fee30	007fee3e	15
007fee42	007fee60	31
007ff030	007ff043	20
007ff047	007ff05d	23
007ff060	007ff073	20
007ff077	007ff08d	23
007ff090	007ff0a3	20
007ff0a7	007ff0bd	23
007ff0c0	007ff0d3	20
007ff0d7	007ff0ed	23
007ff150	007ff159	10
007ff160	007ff173	20
007ff177	007ff18d	23
007ff190	007ff19e	15
007ff1a2	007ff1c0	31
007ff290	007ff29e	15
007ff2a2	007ff2c0	31
007ff2d0	007ff2de	15
007ff2e2	007ff300	31
007ff310	007ff31e	15
007ff322	007ff340	31
007ff350	007ff35e	15
007ff362	007ff380	31
007ff390	007ff3a3	20
007ff3a7	007ff3bd	23
007ff400	007ff40a	11
007ff410	007ff41a	11
007ff420	007ff42a	11
007ff430	007ff43a	11
007ff440	007ff453	20
007ff457	007ff46d	23
007ff470	007ff483	20
007ff487	007ff49d	23
007ff4a0	007ff4b3	20
007ff4b7	007ff4d7	33
007ff540	007ff54a	11
007ff550	007ff55a	11
007ff560	007ff56a	11
007ff570	007ff57a	11
007ff580	007ff58a	11
007ff590	007ff59a	11
007ff5a0	007ff5aa	11
007ff5b0	007ff5ba	11
007ff5c0	007ff5ca	11
007ff5d0	007ff5da	11
007ff5e0	007ff5ea	11
007ff5f0	007ff5fa	11
007ff600	007ff60a	11
007ff610	007ff61a	11
007ff620	007ff62a	11
007ff630	007ff643	20
007ff647	007ff65d	23
007ff660	007ff673	20
007ff677	007ff68d	23
007ff6f0	007ff6fa	11
007ff700	007ff70a	11
007ff710	007ff71a	11
007ff720	007ff72a	11
007ff730	007ff73a	11
007ff740	007ff74a	11
007ff750	007ff75a	11
007ff760	007ff76a	11
007ff770	007ff77a	11
007ff780	007ff78a	11
007ff790	007ff79a	11
007ff7a0	007ff7aa	11
007ff7b0	007ff7ba	11
007ff7c0	007ff7ca	11
007ff7d0	007ff7da	11
007ff7e0	007ff7ea	11
007ff7f0	007ff7fa	11
007ff800	007ff80a	11
007ff810	007ff81a	11
007ff820	007ff82a	11
007ff830	007ff83a	11
007ff840	007ff84a	11
007ff850	007ff85a	11
007ff860	007ff86a	11
007ff870	007ff87a	11
007ff880	007ff88a	11
007ff890	007ff89a	11
007ff8a0	007ff8aa	11
007ff8b0	007ff8ba	11
007ff8c0	007ff8ca	11
007ff8d0	007ff8da	11
007ff8e0	007ff8ea	11
007ff8f0	007ff8fa	11
007ff900	007ff913	20
007ff917	007ff92d	23
007ff930	007ff943	20
007ff947	007ff95d	23
007ff960	007ff973	20
007ff977	007ff98d	23
007ff990	007ff9a3	20
007ff9a7	007ff9bd	23
007ff9c0	007ff9d3	20
007ff9d7	007ff9ed	23
007ffa50	007ffa63	20
007ffa67	007ffa87	33
007ffa90	007ffaa3	20
007ffaa7	007ffac7	33
007ffad0	007ffae3	20
007ffae7	007ffb07	33
007ffb10	007ffb23	20
007ffb27	007ffb47	33
007ffb50	007ffb63	20
007ffb67	007ffb87	33
007ffb90	007ffba3	20
007ffba7	007ffbc7	33
007ffbd0	007ffbda	11
007ffbe0	007ffbea	11
007ffbf0	007ffbfa	11
007ffc00	007ffc0a	11
007ffc10	007ffc1a	11
007ffc20	007ffc2a	11
007ffc30	007ffc3a	11
007ffc40	007ffc4a	11
007ffc50	007ffc5a	11
007ffc60	007ffc6a	11
007ffc70	007ffc7a	11
007ffc80	007ffc8a	11
007ffc90	007ffc9a	11
007ffca0	007ffcaa	11
007ffcb0	007ffcba	11
007ffcc0	007ffcca	11
007ffcd0	007ffcda	11
007ffce0	007ffcea	11
007ffcf0	007ffcfa	11
007ffd00	007ffd0a	11
007ffd10	007ffd1a	11
007ffd20	007ffd2a	11
007ffd30	007ffd3a	11
007ffd40	007ffd4a	11
007ffd50	007ffd5a	11
007ffd60	007ffd6a	11
007ffd70	007ffd7a	11
007ffd80	007ffd8a	11
007ffd90	007ffd9a	11
007ffda0	007ffdaa	11
007ffdb0	007ffdba	11
007ffdc0	007ffdca	11
007ffdd0	007ffdda	11
007ffde0	007ffdea	11
007ffdf0	007ffdfa	11
007ffe00	007ffe0a	11
007ffe10	007ffe1a	11
007ffe20	007ffe2a	11
007ffe30	007ffe3a	11
007ffe40	007ffe4a	11
007ffe50	007ffe5a	11
007ffe60	007ffe6a	11
007ffe70	007ffe83	20
007ffe87	007ffe9d	23
007ffea0	007ffeb3	20
007ffeb7	007ffecd	23
007ffed0	007ffee3	20
007ffee7	007ffefd	23
007fff00	007fff13	20
007fff17	007fff2d	23
007fff30	007fff43	20
007fff47	007fff5d	23
007fff60	007fff73	20
007fff77	007fff8d	23
007fff90	007fffa3	20
007fffa7	007fffbd	23
007fffc0	007fffd3	20
007fffd7	007fffed	23
00800050	00800063	20
00800067	0080007d	23
008000b0	008000c3	20
008000c7	008000dd	23
008000e0	008000f3	20
008000f7	0080010d	23
00800110	00800123	20
00800127	0080013d	23
00800140	00800153	20
00800157	0080016d	23
00800170	00800183	20
00800187	0080019d	23
008001a0	008001b3	20
008001b7	008001cd	23
008001d0	008001e3	20
008001e7	008001fd	23
00800200	00800213	20
00800217	0080022d	23
00800290	00800299	10
00800360	00800373	20
00800377	0080038d	23
00800390	008003b3	36
008003b7	008003cd	23
008003d0	008003de	15
008003e2	00800400	31
00800410	0080041e	15
00800422	00800440	31
00800450	0080045e	15
00800462	00800480	31
008004f0	00800503	20
00800507	0080051d	23
00800560	0080056a	11
00800580	0080058a	11
00800590	0080059a	11
008005a0	008005aa	11
008005b0	008005ba	11
008005c0	008005ca	11
008005d0	008005da	11
008005e0	008005ea	11
008005f0	008005fa	11
00800600	0080060a	11
00800610	0080061a	11
00800620	0080062a	11
00800630	0080063a	11
00800640	0080064a	11
00800650	0080065a	11
00800660	0080066a	11
00800670	00800683	20
00800687	0080069d	23
008006a0	008006b3	20
008006b7	008006cd	23
00800730	00800743	20
00800747	00800767	33
00800770	00800783	20
00800787	008007a7	33
008007b0	008007c3	20
008007c7	008007e7	33
008007f0	00800803	20
00800807	00800827	33
00800830	00800843	20
00800847	00800867	33
00800870	00800883	20
00800887	008008a7	33
008008b0	008008c3	20
008008c7	008008e7	33
008008f0	00800903	20
00800907	0080091d	23
00800920	00800933	20
00800937	0080094d	23
00800950	00800963	20
00800967	0080097d	23
00800980	00800989	10
00800990	0080099a	11
008009a0	008009aa	11
008009b0	008009ba	11
008009c0	008009ca	11
008009d0	008009da	11
008009e0	008009ea	11
008009f0	008009fa	11
00800a00	00800a0a	11
00800a10	00800a1a	11
00800a20	00800a33	20
00800a37	00800a4d	23
00800aa4	00800acb	40
00800ad0	00800ade	15
00800ae2	00800b00	31
00800b10	00800b1e	15
00800b22	00800b40	31
00800b90	00800b99	10
00800ba0	00800bc4	37
00800bd0	00800be3	20
00800be7	00800bfd	23
00800c00	00800c13	20
00800c17	00800c2d	23
00800c30	00800c3a	11
00800c40	00800c4a	11
00800c50	00800c5a	11
00800c60	00800c6a	11
00800c70	00800c7a	11
00800c80	00800c8a	11
00800c90	00800c9a	11
00800ca0	00800caa	11
00800cb0	00800cba	11
00800cc0	00800cca	11
00800cd0	00800cda	11
00800ce0	00800cea	11
00800cf0	00800cfa	11
00800d00	00800d0a	11
00800d10	00800d1a	11
00800d20	00800d2a	11
00800d30	00800d3a	11
00800d40	00800d4a	11
00800d50	00800d5a	11
00800d60	00800d6a	11
00800d70	00800d7a	11
00800d80	00800d8a	11
00800d90	00800d9a	11
00800da0	00800daa	11
00800db0	00800dba	11
00800dc0	00800dca	11
00800dd0	00800dda	11
00800de0	00800dea	11
00800df0	00800dfa	11
00800e00	00800e0a	11
00800e10	00800e1a	11
00800e20	00800e2a	11
00800e30	00800e3a	11
00800e40	00800e4a	11
00800e50	00800e5a	11
00800e60	00800e6a	11
00800e70	00800e7a	11
00800e80	00800e8a	11
00800e90	00800e9a	11
00800ea0	00800eaa	11
00800eb0	00800eba	11
00800ec0	00800eca	11
00800ed0	00800eda	11
00800ee0	00800eea	11
00800ef0	00800efa	11
00800f00	00800f0a	11
00800f10	00800f1a	11
00800f20	00800f33	20
00800f37	00800f4d	23
00800f50	00800f63	20
00800f67	00800f7d	23
00800f80	00800f93	20
00800f97	00800fad	23
00800fb0	00800fc3	20
00800fc7	00800fdd	23
00800fe0	00800ff3	20
00800ff7	0080100d	23
00801010	00801023	20
00801027	0080103d	23
00801040	00801053	20
00801057	0080106d	23
00801070	00801083	20
00801087	0080109d	23
008010a0	008010b3	20
008010b7	008010cd	23
008010d0	008010e3	20
008010e7	008010fd	23
00801100	00801113	20
00801117	0080112d	23
00801130	00801143	20
00801147	0080115d	23
00801160	00801173	20
00801177	0080118d	23
00801190	008011a3	20
008011a7	008011bd	23
008011c0	008011d3	20
008011d7	008011ed	23
008011f0	00801203	20
00801207	0080121d	23
00801220	00801233	20
00801237	0080124d	23
00801250	00801263	20
00801267	0080127d	23
00801280	00801293	20
00801297	008012ad	23
008012b0	008012c3	20
008012c7	008012dd	23
008012e0	008012f3	20
008012f7	0080130d	23
00801310	00801323	20
00801327	0080133d	23
00801340	00801353	20
00801357	0080136d	23
00801370	00801383	20
00801387	0080139d	23
008013a0	008013b3	20
008013b7	008013cd	23
008013d0	008013e3	20
008013e7	008013fd	23
00801400	00801413	20
00801417	0080142d	23
00801430	00801443	20
00801447	0080145d	23
00801460	00801473	20
00801477	0080148d	23
00801490	008014a3	20
008014a7	008014bd	23
008014c0	008014d3	20
008014d7	008014ed	23
008014f0	00801503	20
00801507	0080151d	23
00801520	00801533	20
00801537	0080154d	23
00801550	00801563	20
00801567	0080157d	23
008015e0	008015f3	20
008015f7	00801617	33
00801620	00801633	20
00801637	00801657	33
00801660	00801673	20
00801677	00801697	33
008016a0	008016b3	20
008016b7	008016d7	33
008016e0	008016f3	20
008016f7	00801717	33
00801720	00801733	20
00801737	00801757	33
00801760	00801773	20
00801777	00801797	33
008017a0	008017b3	20
008017b7	008017cd	23
008017d0	008017e4	21
00801800	0080180e	15
00801812	00801830	31
00801840	0080184e	15
00801852	00801870	31
00801880	0080188e	15
00801892	008018b0	31
00801980	0080198e	15
00801992	008019b0	31
008019c0	008019ca	11
008019d0	008019da	11
008019e0	008019ea	11
008019f0	008019fa	11
00801a00	00801a0a	11
00801a10	00801a1a	11
00801a20	00801a2a	11
00801a30	00801a3a	11
00801a40	00801a4a	11
00801a50	00801a5a	11
00801a60	00801a6a	11
00801a70	00801a7a	11
00801a80	00801a8a	11
00801a90	00801a9a	11
00801aa0	00801aaa	11
00801ab0	00801aba	11
00801ac0	00801aca	11
00801ad0	00801ada	11
00801ae0	00801aea	11
00801af0	00801afa	11
00801b00	00801b0a	11
00801b10	00801b1a	11
00801b20	00801b2a	11
00801b30	00801b3a	11
00801b40	00801b4a	11
00801b50	00801b5a	11
00801b60	00801b6a	11
00801b70	00801b7a	11
00801b80	00801b8a	11
00801b90	00801b9a	11
00801ba0	00801baa	11
00801bb0	00801bba	11
00801bc0	00801bca	11
00801bd0	00801bda	11
00801be0	00801bea	11
00801bf0	00801bfa	11
00801c00	00801c0a	11
00801c10	00801c1a	11
00801c20	00801c2a	11
00801c30	00801c3a	11
00801c40	00801c4a	11
00801c50	00801c5a	11
00801c60	00801c6a	11
00801c70	00801c7a	11
00801c80	00801c8a	11
00801c90	00801c9a	11
00801ca0	00801caa	11
00801cb0	00801cba	11
00801cc0	00801cca	11
00801cd0	00801cda	11
00801ce0	00801cea	11
00801cf0	00801cfa	11
00801d00	00801d0a	11
00801d10	00801d1a	11
00801d20	00801d2a	11
00801d30	00801d3a	11
00801d40	00801d4a	11
00801d50	00801d5a	11
00801d60	00801d6a	11
00801d70	00801d7a	11
00801d80	00801d8a	11
00801d90	00801d9a	11
00801da0	00801daa	11
00801db0	00801dba	11
00801dc0	00801dca	11
00801dd0	00801dda	11
00801de0	00801dea	11
00801df0	00801dfa	11
00801e00	00801e0a	11
00801e10	00801e1a	11
00801e20	00801e2a	11
00801e30	00801e3a	11
00801e40	00801e4a	11
00801e50	00801e5a	11
00801e60	00801e6a	11
00801e70	00801e7a	11
00801e80	00801e8a	11
00801e90	00801e9a	11
00801ea0	00801eaa	11
00801eb0	00801eba	11
00801ec0	00801eca	11
00801ed0	00801eda	11
00801ee0	00801eea	11
00801ef0	00801efa	11
00801f00	00801f0a	11
00801f10	00801f1a	11
00801f20	00801f2a	11
00801f30	00801f3a	11
00801f40	00801f4a	11
00801f50	00801f5a	11
00801f60	00801f6a	11
00801f70	00801f7a	11
00801f80	00801f8a	11
00801f90	00801f9a	11
00801fa0	00801faa	11
00801fb0	00801fba	11
00801fc0	00801fca	11
00801fd0	00801fda	11
00801fe0	00801fea	11
00801ff0	00801ffa	11
00802000	0080200a	11
00802010	0080201a	11
00802020	0080202a	11
00802030	0080203a	11
00802040	0080204a	11
00802050	0080205a	11
00802060	0080206a	11
00802070	0080207a	11
00802080	0080208a	11
00802090	0080209a	11
008020a0	008020aa	11
008020b0	008020ba	11
008020c0	008020ca	11
008020d0	008020da	11
008020e0	008020ea	11
008020f0	008020fa	11
00802100	0080210a	11
00802110	0080211a	11
00802120	0080212a	11
00802130	0080213a	11
00802140	0080214a	11
00802150	0080215a	11
00802160	0080216a	11
00802170	0080217a	11
00802180	0080218a	11
00802190	0080219a	11
008021a0	008021aa	11
008021b0	008021ba	11
008021c0	008021ca	11
008021d0	008021da	11
008021e0	008021ea	11
008021f0	008021fa	11
00802200	0080220a	11
00802210	0080221a	11
00802220	0080222a	11
00802230	0080223a	11
00802240	0080224a	11
00802250	0080225a	11
00802260	0080226a	11
00802270	0080227a	11
00802280	0080228a	11
00802290	0080229a	11
008022a0	008022aa	11
008022b0	008022ba	11
008022c0	008022ca	11
008022d0	008022da	11
008022e0	008022ea	11
008022f0	008022fa	11
00802300	0080230a	11
00802310	0080231a	11
00802320	0080232a	11
00802330	0080233a	11
00802340	0080234a	11
00802350	0080235a	11
00802360	0080236a	11
00802370	0080237a	11
00802380	0080238a	11
00802390	0080239a	11
008023a0	008023aa	11
008023b0	008023ba	11
008023c0	008023ca	11
008023d0	008023da	11
008023e0	008023ea	11
008023f0	008023fa	11
00802400	0080240a	11
00802410	0080241a	11
00802420	0080242a	11
00802430	0080243a	11
00802440	0080244a	11
00802450	0080245a	11
00802460	0080246a	11
00802470	0080247a	11
00802480	0080248a	11
00802490	0080249a	11
008024a0	008024aa	11
008024b0	008024ba	11
008024c0	008024ca	11
008024d0	008024da	11
008024e0	008024ea	11
008024f0	008024fa	11
00802500	0080250a	11
00802510	0080251a	11
00802520	0080252a	11
00802530	0080253a	11
00802540	0080254a	11
00802550	0080255a	11
00802560	0080256a	11
00802570	0080257a	11
00802580	0080258a	11
00802590	0080259a	11
008025a0	008025aa	11
008025b0	008025ba	11
008025c0	008025ca	11
008025d0	008025da	11
008025e0	008025ea	11
008025f0	008025fa	11
00802600	0080260a	11
00802610	0080261a	11
00802620	0080262a	11
00802630	0080263a	11
00802640	0080264a	11
00802650	0080265a	11
00802660	0080266a	11
00802670	0080267a	11
00802680	0080268a	11
00802690	0080269a	11
008026a0	008026aa	11
008026b0	008026ba	11
008026c0	008026ca	11
008026d0	008026da	11
008026e0	008026ea	11
008026f0	008026fa	11
00802700	0080270a	11
00802710	0080271a	11
00802720	0080272a	11
00802730	0080273a	11
00802740	0080274a	11
00802750	0080275a	11
00802760	0080276a	11
00802770	0080277a	11
00802780	0080278a	11
00802790	0080279a	11
008027a0	008027aa	11
008027b0	008027ba	11
008027c0	008027ca	11
008027d0	008027da	11
008027e0	008027ea	11
008027f0	008027fa	11
00802800	0080280a	11
00802810	0080281a	11
00802820	0080282a	11
00802830	0080283a	11
00802840	0080284a	11
00802850	0080285a	11
00802860	0080286a	11
00802870	0080287a	11
00802880	0080288a	11
00802890	0080289a	11
008028a0	008028aa	11
008028b0	008028ba	11
008028c0	008028ca	11
008028d0	008028da	11
008028e0	008028ea	11
008028f0	008028fa	11
00802900	0080290a	11
00802910	0080291a	11
00802920	0080292a	11
00802930	0080293a	11
00802940	0080294a	11
00802950	0080295a	11
00802960	0080296a	11
00802970	0080297a	11
00802980	0080298a	11
00802990	0080299a	11
008029a0	008029aa	11
008029b0	008029ba	11
008029c0	008029ca	11
008029d0	008029da	11
008029e0	008029ea	11
008029f0	008029fa	11
00802a00	00802a0a	11
00802a10	00802a1a	11
00802a20	00802a2a	11
00802a30	00802a3a	11
00802a40	00802a4a	11
00802a50	00802a5a	11
00802a60	00802a6a	11
00802a70	00802a7a	11
00802a80	00802a8a	11
00802a90	00802a9a	11
00802aa0	00802aaa	11
00802ab0	00802aba	11
00802ac0	00802aca	11
00802ad0	00802ada	11
00802ae0	00802aea	11
00802af0	00802afa	11
00802b00	00802b0a	11
00802b10	00802b1a	11
00802b20	00802b2a	11
00802b30	00802b3a	11
00802b40	00802b4a	11
00802b50	00802b5a	11
00802b60	00802b6a	11
00802b70	00802b7a	11
00802b80	00802b8a	11
00802b90	00802b9a	11
00802ba0	00802baa	11
00802bb0	00802bba	11
00802bc0	00802bca	11
00802bd0	00802bda	11
00802be0	00802bea	11
00802bf0	00802bfa	11
00802c00	00802c0a	11
00802c10	00802c1a	11
00802c20	00802c2a	11
00802c30	00802c3a	11
00802c40	00802c4a	11
00802c50	00802c5a	11
00802c60	00802c6a	11
00802c70	00802c7a	11
00802c80	00802c8a	11
00802c90	00802c9a	11
00802ca0	00802caa	11
00802cb0	00802cba	11
00802cc0	00802cca	11
00802cd0	00802cda	11
00802ce0	00802cea	11
00802cf0	00802cfa	11
00802d00	00802d0a	11
00802d10	00802d1a	11
00802d20	00802d2a	11
00802d30	00802d3a	11
00802d40	00802d4a	11
00802d50	00802d5a	11
00802d60	00802d6a	11
00802d70	00802d7a	11
00802d80	00802d8a	11
00802d90	00802d9a	11
00802da0	00802daa	11
00802db0	00802dba	11
00802dc0	00802dca	11
00802dd0	00802dda	11
00802de0	00802dea	11
00802df0	00802dfa	11
00802e00	00802e0a	11
00802e10	00802e1a	11
00802e20	00802e2a	11
00802e30	00802e3a	11
00802e40	00802e4a	11
00802e50	00802e5a	11
00802e60	00802e6a	11
00802e70	00802e7a	11
00802e80	00802e8a	11
00802e90	00802e9a	11
00802ea0	00802eaa	11
00802eb0	00802eba	11
00802ec0	00802eca	11
00802ed0	00802eda	11
00802ee0	00802eea	11
00802ef0	00802efa	11
00802f00	00802f0a	11
00802f10	00802f1a	11
00802f20	00802f2a	11
00802f30	00802f3a	11
00802f40	00802f4a	11
00802f50	00802f5a	11
00802f60	00802f6a	11
00802f70	00802f7a	11
00802f80	00802f8a	11
00802f90	00802f9a	11
00802fa0	00802faa	11
00802fb0	00802fba	11
00802fc0	00802fca	11
00802fd0	00802fda	11
00802fe0	00802fea	11
00802ff0	00802ffa	11
00803000	0080300a	11
00803010	0080301a	11
00803020	0080302a	11
00803030	00803043	20
00803047	0080305d	23
00803060	00803073	20
00803077	0080308d	23
00803090	008030a3	20
008030a7	008030bd	23
008030c0	008030d3	20
008030d7	008030ed	23
008030f0	00803103	20
00803107	0080311d	23
00803120	00803133	20
00803137	0080314d	23
00803150	00803163	20
00803167	0080317d	23
00803180	00803193	20
00803197	008031ad	23
008031b0	008031c3	20
008031c7	008031dd	23
008031e0	008031f3	20
008031f7	0080320d	23
00803210	00803223	20
00803227	0080323d	23
00803240	00803253	20
00803257	0080326d	23
00803270	00803283	20
00803287	0080329d	23
008032a0	008032b3	20
008032b7	008032cd	23
008032d0	008032e3	20
008032e7	008032fd	23
00803300	00803313	20
00803317	0080332d	23
00803330	00803343	20
00803347	0080335d	23
00803360	00803373	20
00803377	0080338d	23
00803390	008033a3	20
008033a7	008033bd	23
008033c0	008033d3	20
008033d7	008033ed	23
008033f0	00803403	20
00803407	0080341d	23
00803420	00803433	20
00803437	0080344d	23
00803450	00803463	20
00803467	0080347d	23
00803480	00803493	20
00803497	008034ad	23
008034b0	008034c3	20
008034c7	008034dd	23
008034e0	008034f3	20
008034f7	0080350d	23
00803510	00803523	20
00803527	0080353d	23
00803540	00803553	20
00803557	0080356d	23
00803570	00803583	20
00803587	0080359d	23
008035a0	008035b3	20
008035b7	008035cd	23
008035d0	008035e3	20
008035e7	008035fd	23
00803600	00803613	20
00803617	0080362d	23
00803630	00803643	20
00803647	0080365d	23
00803660	00803673	20
00803677	0080368d	23
00803690	008036a3	20
008036a7	008036bd	23
008036c0	008036d3	20
008036d7	008036ed	23
008036f0	00803703	20
00803707	0080371d	23
00803720	00803733	20
00803737	0080374d	23
00803750	00803763	20
00803767	0080377d	23
00803780	00803793	20
00803797	008037ad	23
008037b0	008037c3	20
008037c7	008037dd	23
008037e0	008037f3	20
008037f7	0080380d	23
00803810	00803823	20
00803827	0080383d	23
00803840	00803853	20
00803857	0080386d	23
00803870	00803883	20
00803887	0080389d	23
008038a0	008038b3	20
008038b7	008038cd	23
008038d0	008038e3	20
008038e7	008038fd	23
00803900	00803913	20
00803917	0080392d	23
00803930	00803943	20
00803947	0080395d	23
00803960	00803973	20
00803977	0080398d	23
00803990	008039a3	20
008039a7	008039bd	23
008039c0	008039d3	20
008039d7	008039ed	23
008039f0	00803a03	20
00803a07	00803a1d	23
00803a20	00803a33	20
00803a37	00803a4d	23
00803a50	00803a63	20
00803a67	00803a7d	23
00803a80	00803a93	20
00803a97	00803aad	23
00803ab0	00803ac3	20
00803ac7	00803add	23
00803ae0	00803af3	20
00803af7	00803b0d	23
00803b10	00803b23	20
00803b27	00803b3d	23
00803b40	00803b53	20
00803b57	00803b6d	23
00803b70	00803b83	20
00803b87	00803b9d	23
00803ba0	00803bb3	20
00803bb7	00803bcd	23
00803bd0	00803be3	20
00803be7	00803bfd	23
00803c00	00803c13	20
00803c17	00803c2d	23
00803c30	00803c43	20
00803c47	00803c5d	23
00803c60	00803c73	20
00803c77	00803c8d	23
00803c90	00803ca3	20
00803ca7	00803cbd	23
00803cc0	00803cd3	20
00803cd7	00803ced	23
00803cf0	00803d03	20
00803d07	00803d1d	23
00803d20	00803d33	20
00803d37	00803d4d	23
00803d50	00803d63	20
00803d67	00803d7d	23
00803d80	00803d93	20
00803d97	00803dad	23
00803db0	00803dc3	20
00803dc7	00803ddd	23
00803de0	00803df3	20
00803df7	00803e0d	23
00803e10	00803e23	20
00803e27	00803e3d	23
00803e40	00803e53	20
00803e57	00803e6d	23
00803e70	00803e83	20
00803e87	00803e9d	23
00803ea0	00803eb3	20
00803eb7	00803ecd	23
00803ed0	00803ee3	20
00803ee7	00803efd	23
00803f00	00803f13	20
00803f17	00803f2d	23
00803f30	00803f43	20
00803f47	00803f5d	23
00803f60	00803f73	20
00803f77	00803f8d	23
00803f90	00803fa3	20
00803fa7	00803fbd	23
00803fc0	00803fd3	20
00803fd7	00803fed	23
00803ff0	00804003	20
00804007	0080401d	23
00804020	00804033	20
00804037	0080404d	23
00804050	00804063	20
00804067	0080407d	23
00804080	00804093	20
00804097	008040ad	23
008040b0	008040c3	20
008040c7	008040dd	23
008040e0	008040f3	20
008040f7	0080410d	23
00804110	00804123	20
00804127	0080413d	23
00804140	00804153	20
00804157	0080416d	23
00804170	00804183	20
00804187	0080419d	23
008041a0	008041b3	20
008041b7	008041cd	23
008041d0	008041e3	20
008041e7	008041fd	23
00804200	00804213	20
00804217	0080422d	23
00804230	00804243	20
00804247	0080425d	23
00804260	00804273	20
00804277	0080428d	23
00804290	008042a3	20
008042a7	008042bd	23
008042c0	008042d3	20
008042d7	008042ed	23
008042f0	00804303	20
00804307	0080431d	23
00804320	00804333	20
00804337	0080434d	23
00804350	00804363	20
00804367	0080437d	23
00804380	00804393	20
00804397	008043ad	23
008043b0	008043c3	20
008043c7	008043dd	23
008043e0	008043f3	20
008043f7	0080440d	23
00804440	00804453	20
00804457	0080446d	23
00804470	00804483	20
00804487	0080449d	23
00804500	00804513	20
00804517	00804537	33
00804540	00804553	20
00804557	00804577	33
00804580	00804593	20
00804597	008045b7	33
008045c0	008045d3	20
008045d7	008045f7	33
00804600	00804613	20
00804617	00804637	33
00804640	00804653	20
00804657	00804677	33
00804680	00804693	20
00804697	008046b7	33
008046c0	008046d3	20
008046d7	008046f7	33
00804700	00804713	20
00804717	00804737	33
00804740	00804753	20
00804757	00804777	33
00804780	00804793	20
00804797	008047b7	33
008047c0	008047d3	20
008047d7	008047f7	33
00804800	00804813	20
00804817	00804837	33
00804840	00804853	20
00804857	00804877	33
00804880	00804893	20
00804897	008048b7	33
008048c0	008048d3	20
008048d7	008048f7	33
00804900	00804913	20
00804917	00804937	33
00804940	00804953	20
00804957	00804977	33
00804980	00804993	20
00804997	008049b7	33
008049c0	008049d3	20
008049d7	008049f7	33
00804a00	00804a09	10
00804a10	00804a19	10
00804a20	00804a33	20
00804a37	00804a57	33
00804a60	00804a73	20
00804a77	00804a97	33
00804aa0	00804ab3	20
00804ab7	00804ad7	33
00804ae0	00804af3	20
00804af7	00804b17	33
00804b20	00804b33	20
00804b37	00804b57	33
00804b60	00804b73	20
00804b77	00804b97	33
00804ba0	00804bb3	20
00804bb7	00804bd7	33
00804be0	00804bf3	20
00804bf7	00804c17	33
00804c20	00804c33	20
00804c37	00804c57	33
00804c60	00804c73	20
00804c77	00804c97	33
00804ca0	00804cb3	20
00804cb7	00804cd7	33
00804ce0	00804cf3	20
00804cf7	00804d17	33
00804d20	00804d33	20
00804d37	00804d57	33
00804d60	00804d73	20
00804d77	00804d97	33
00804da0	00804db3	20
00804db7	00804dd7	33
00804de0	00804df3	20
00804df7	00804e17	33
00804e20	00804e33	20
00804e37	00804e57	33
00804e60	00804e73	20
00804e77	00804e97	33
00804ea0	00804eb3	20
00804eb7	00804ed7	33
00804ee0	00804ef3	20
00804ef7	00804f17	33
00804f20	00804f33	20
00804f37	00804f57	33
00804f60	00804f73	20
00804f77	00804f97	33
00804fa0	00804fb3	20
00804fb7	00804fd7	33
00804fe0	00804ff3	20
00804ff7	00805017	33
00805020	00805033	20
00805037	00805057	33
00805060	00805073	20
00805077	00805097	33
008050a0	008050b3	20
008050b7	008050d7	33
008050e0	008050f3	20
008050f7	00805117	33
00805120	00805133	20
00805137	00805157	33
00805160	00805173	20
00805177	00805197	33
008051a0	008051b3	20
008051b7	008051d7	33
008051e0	008051f3	20
008051f7	00805217	33
00805220	00805233	20
00805237	00805257	33
00805260	00805273	20
00805277	00805297	33
008052a0	008052b3	20
008052b7	008052d7	33
008052e0	008052f3	20
008052f7	00805317	33
00805320	00805333	20
00805337	00805357	33
00805360	00805373	20
00805377	00805397	33
008053a0	008053b3	20
008053b7	008053d7	33
008053e0	008053f3	20
008053f7	00805417	33
00805420	00805433	20
00805437	00805457	33
00805460	00805473	20
00805477	00805497	33
008054a0	008054b3	20
008054b7	008054d7	33
008054e0	008054f3	20
008054f7	00805517	33
00805520	00805533	20
00805537	00805557	33
00805560	00805573	20
00805577	00805597	33
008055a0	008055b3	20
008055b7	008055d7	33
008055e0	008055f3	20
008055f7	00805617	33
00805620	00805633	20
00805637	00805657	33
00805660	00805673	20
00805677	00805697	33
008056a0	008056b3	20
008056b7	008056d7	33
008056e0	008056f3	20
008056f7	00805717	33
00805720	00805733	20
00805737	00805757	33
00805760	00805773	20
00805777	00805797	33
008057a0	008057b3	20
008057b7	008057d7	33
008057e0	008057f3	20
008057f7	00805817	33
00805820	00805833	20
00805837	00805857	33
00805860	00805873	20
00805877	00805897	33
008058a0	008058b3	20
008058b7	008058d7	33
008058e0	008058f3	20
008058f7	00805917	33
00805920	00805933	20
00805937	00805957	33
00805960	0080596e	15
00805972	00805990	31
008059a0	008059ae	15
008059b2	008059d0	31
008059e0	008059e9	10
008059f0	008059f9	10
00805a00	00805a09	10
00805a10	00805a19	10
00805a20	00805a29	10
00805a30	00805a43	20
00805a47	00805a5d	23
00805a60	00805a69	10
00805a70	00805a79	10
00805a80	00805a89	10
00805a90	00805a99	10
00805aa0	00805aa9	10
00805ab0	00805ab9	10
00805ac0	00805ac9	10
00805ad0	00805ad9	10
00805ae0	00805ae9	10
00805af0	00805af9	10
00805b00	00805b09	10
00805b10	00805b19	10
00805b20	00805b29	10
00805b30	00805b39	10
00805b40	00805b49	10
00805b50	00805b59	10
00805b60	00805b69	10
00805b70	00805b79	10
00805b80	00805b89	10
00805b90	00805b9e	15
00805ba2	00805bc0	31
00805bd0	00805bde	15
00805be2	00805c00	31
00805c10	00805c19	10
00805c20	00805c29	10
00805c30	00805c39	10
00805c40	00805c49	10
00805c50	00805c59	10
00805c60	00805c69	10
00805c70	00805c79	10
00805c80	00805c89	10
00805c90	00805c99	10
00805ca0	00805ca9	10
00805cb0	00805cb9	10
00805cc0	00805cc9	10
00805cd0	00805cd9	10
00805ce0	00805ce9	10
00805cf0	00805cf9	10
00805d00	00805d09	10
00805d10	00805d19	10
00805d20	00805d29	10
00805d30	00805d39	10
00805d40	00805d49	10
00805d50	00805d59	10
00805d60	00805d69	10
00805d70	00805d79	10
00805d80	00805d89	10
00805d90	00805d99	10
00805da0	00805da9	10
00805db0	00805db9	10
00805dc0	00805dc9	10
00805dd0	00805dd9	10
00805de0	00805de9	10
00805df0	00805df9	10
00805e00	00805e09	10
00805e10	00805e19	10
00805e20	00805e29	10
00805e30	00805e39	10
00805e40	00805e49	10
00805e50	00805e59	10
00805e60	00805e69	10
00805e70	00805e79	10
00805e80	00805e89	10
00805e90	00805e99	10
00805ea0	00805ea9	10
00805eb0	00805eb9	10
